x1,x2,label
5.479,-5.637,0
-1.222,3.259,1
7.172,5.337,0
3.947,-6.667,0
-8.116,-9.123,0
9.512,-1.208,0
5.223,5.48,1
5.721,3.016,0
-7.438,4.038,1
-0.992,-1.943,0
-2.584,-5.301,0
8.535,0.636,0
2.877,-5.913,0
6.455,4.525,0
-1.132,-6.061,0
-5.455,-4.175,0
1.092,0.131,0
-8.724,-0.266,1
6.553,2.017,0
2.633,-1.251,0
5.162,8.389,1
-2.909,6.799,1
9.414,7.582,0
7.862,2.59,0
5.568,2.7,0
-6.107,2.184,1
-0.666,-1.302,0
-9.124,-3.558,1
-6.914,1.84,1
3.661,-9.489,0
4.895,-9.851,0
9.35,7.033,0
-3.483,-9.072,0
-2.591,0.496,1
-0.609,2.3,1
-6.211,-6.037,0
-7.402,7.915,1
-0.486,-6.198,0
-5.462,7.69,1
3.396,5.26,1
-1.257,-5.185,0
6.654,-6.985,0
4.005,-3.675,0
-3.753,-2.041,0
6.645,-5.084,0
6.095,9.978,1
-2.25,-5.407,0
-4.233,6.613,1
3.65,-6.818,0
-7.205,9.605,1
-6.002,-5.49,0
-9.853,-1.566,1
5.738,1.171,0
3.297,-7.594,0
4.103,6.336,1
5.615,-4.506,0
-0.822,0.985,1
1.375,0.993,0
-7.204,2.053,1
-7.709,-8.89,0
3.368,-6.628,0
-0.578,-6.776,0
1.305,-3.959,0
5.3,-7.102,0
2.694,8.438,1
1.072,0.259,0
1.184,2.472,1
-3.921,-2.85,0
-9.384,-4.475,1
-1.266,0.064,1
-5.708,-4.114,0
-1.829,-3.127,0
7.068,-0.945,0
-5.321,0.115,1
-8.834,9.686,1
-4.372,-5.534,0
-4.128,-0.24,1
3.238,-7.01,0
1.141,-3.0,0
5.678,4.346,0
3.286,-6.511,0
-1.872,1.627,1
6.28,-1.666,0
-6.661,-8.968,0
-9.546,8.662,1
-8.199,-1.728,1
4.447,5.679,1
-0.762,-1.674,0
-6.775,8.747,1
0.021,-4.191,0
-6.954,-1.755,1
3.926,5.177,1
-1.077,-3.127,0
-2.38,-2.713,0
-3.97,9.896,1
2.606,1.112,0
-2.764,3.788,1
-8.247,2.869,1
-7.64,6.558,1
9.238,7.237,0
8.172,1.265,0
3.994,-4.109,0
-4.683,-9.544,0
9.384,2.288,0
5.575,6.509,1
4.338,-0.989,0
-1.013,-6.706,0
-4.555,-4.238,0
-8.072,0.2,1
8.052,6.734,0
-0.884,-6.565,0
-5.953,2.243,1
-3.881,5.067,1
1.584,8.721,1
-6.465,-7.666,0
7.132,8.528,1
5.17,2.029,0
4.389,5.334,1
-1.358,-8.925,0
2.546,0.123,0
1.682,2.453,1
2.997,-3.863,0
-8.311,-1.367,1
-1.684,1.086,1
-9.168,1.051,1
-0.12,-9.163,0
-3.403,-1.21,1
-7.11,-5.724,0
-7.932,8.334,1
1.753,9.532,1
-6.588,-4.007,1
8.502,-6.496,0
1.621,-5.61,0
-3.063,-0.445,1
1.818,7.49,1
-9.544,0.001,1
9.171,-8.892,0
-0.354,-9.202,0
5.655,-5.452,0
-8.345,6.855,1
-0.267,2.43,1
-0.186,1.259,1
8.757,-3.621,0
1.435,8.589,1
-0.53,-3.376,0
-4.66,6.699,1
-3.369,7.918,1
0.413,-0.333,0
-1.222,7.886,1
-9.568,-4.464,1
6.526,3.169,0
7.923,-8.241,0
-7.195,-0.521,1
1.081,-5.653,0
-7.828,-8.745,0
3.445,-9.925,0
-4.375,-3.505,0
3.188,1.791,0
4.54,-0.895,0
5.373,-3.965,0
-7.845,9.824,1
8.32,8.791,1
-5.396,-7.487,0
-9.252,-1.698,1
1.097,2.977,1
-2.582,4.67,1
6.596,-2.673,0
6.165,4.926,0
-3.657,-7.517,0
9.058,-3.364,0
-4.182,4.329,1
0.301,2.514,1
-4.881,6.744,1
8.721,-9.063,0
-6.708,-6.512,0
-9.102,-9.03,0
-1.298,-6.158,0
9.848,-9.914,0
7.834,0.084,0
4.972,0.566,0
7.816,3.158,0
7.869,-2.302,0
0.377,-9.936,0
-3.681,3.478,1
5.44,-8.914,0
3.233,7.323,1
-2.527,-9.547,0
-8.111,0.61,1
4.936,7.898,1
-4.751,1.45,1
8.736,2.168,0
-5.181,3.632,1
-7.545,-7.552,0
6.622,3.499,0
-6.934,7.607,1
-6.415,9.484,1
1.988,-1.139,0
7.491,-3.11,0
-6.071,5.066,1
-3.794,0.857,1
5.548,-4.854,0
9.437,-6.557,0
0.015,-6.595,0
-7.122,-0.816,1
-9.721,-6.598,1
-5.407,-9.606,0
-7.364,-8.958,0
3.553,8.598,1
-7.563,-8.541,0
0.127,-8.536,0
3.885,-0.976,0
1.622,-5.098,0
-6.004,9.254,1
6.082,8.22,1
4.308,-1.905,0
4.78,-1.025,0
-7.379,-2.498,1
-7.525,-9.243,0
8.551,-4.143,0
-2.048,-7.547,0
-3.981,-7.953,0
-0.228,1.217,1
3.257,-8.025,0
9.112,-7.941,0
-4.271,-0.39,1
8.496,-1.154,0
-9.503,-7.247,0
1.104,-9.911,0
2.68,-6.141,0
-7.882,-5.282,1
-7.193,6.005,1
-1.618,8.309,1
9.325,-1.881,0
1.921,-1.899,0
8.66,4.25,0
6.087,2.538,0
-0.652,-6.317,0
5.695,-7.846,0
-9.643,-1.248,1
-7.817,1.297,1
6.589,-7.226,0
5.936,-4.135,0
-5.347,-3.881,0
0.615,-4.774,0
2.12,-0.785,0
7.355,3.061,0
2.062,0.188,0
-1.749,-5.971,0
-2.516,-7.941,0
-1.482,6.437,1
3.039,-0.414,0
7.35,-8.757,0
-0.922,-4.838,0
-5.043,6.081,1
-5.267,5.035,1
4.92,7.516,1
6.331,2.042,0
-7.894,-1.542,1
-8.669,-1.467,1
1.889,-6.12,0
-7.077,3.016,1
6.493,1.701,0
-3.793,-6.903,0
-7.123,7.713,1
8.419,-2.631,0
-6.689,-9.005,0
-4.306,-3.442,0
-6.928,7.397,1
-7.69,8.339,1
-9.577,-0.192,1
-8.892,9.127,1
-6.507,7.505,1
-8.932,6.505,1
1.823,7.194,1
3.614,-2.362,0
-2.127,5.129,1
-3.64,1.547,1
0.091,4.394,1
7.5,-6.444,0
7.023,4.628,0
-9.13,9.152,1
-6.37,-3.947,1
-5.265,9.723,1
-5.012,-2.432,1
1.425,-6.006,0
-1.675,-7.754,0
-9.015,5.699,1
-2.528,1.097,1
0.475,-3.857,0
-7.967,2.169,1
6.669,-3.358,0
-8.961,-1.033,1
8.497,7.253,0
-8.018,3.363,1
6.871,5.248,0
8.053,1.67,0
9.591,9.828,1
6.041,-5.172,0
5.59,-4.754,0
2.85,-8.149,0
5.58,1.08,0
-7.309,2.267,1
0.721,4.519,1
0.284,-3.291,0
7.151,-9.755,0
-0.744,2.645,1
-2.298,9.974,1
2.791,-4.109,0
-4.671,-6.321,0
-7.205,-4.365,1
-0.442,-1.492,0
-1.662,-4.982,0
-5.349,-3.061,1
-2.65,2.764,1
-2.672,-3.099,0
-3.45,-2.079,0
-2.411,-9.199,0
3.715,8.359,1
-4.062,-1.862,1
8.977,-3.437,0
8.327,-8.27,0
-0.382,2.684,1
-3.433,7.276,1
0.709,-9.177,0
6.971,-7.095,0
3.052,-7.072,0
6.088,2.045,0
0.654,8.425,1
2.658,-1.245,0
-4.237,-3.124,0
4.698,5.317,1
-5.952,4.851,1
3.896,-5.065,0
7.214,-6.783,0
-7.358,-2.844,1
2.288,5.512,1
-8.098,3.901,1
4.514,3.317,0
-8.31,6.589,1
8.719,-4.457,0
-7.252,-3.206,1
9.178,-9.153,0
6.018,7.375,1
1.874,1.649,0
5.652,-4.038,0
5.902,-8.612,0
8.921,4.468,0
-4.932,4.975,1
1.802,3.324,1
-8.099,-5.924,0
2.323,8.264,1
-6.574,5.063,1
1.299,3.155,1
1.449,3.019,1
-0.68,8.087,1
0.453,8.566,1
5.278,1.913,0
5.985,-1.667,0
-0.157,-2.725,0
1.992,6.382,1
8.625,2.892,0
-7.605,-8.455,0
-7.658,-7.156,0
-8.246,8.004,1
3.157,7.69,1
-1.628,9.037,1
5.486,-1.443,0
3.425,5.681,1
-3.327,6.565,1
7.967,-3.686,0
5.251,-7.093,0
-4.589,9.941,1
-2.716,-9.396,0
-3.711,1.947,1
-6.848,3.004,1
-7.044,3.636,1
8.723,-4.887,0
-1.242,4.432,1
-2.334,-5.672,0
4.594,6.581,1
1.06,-5.618,0
8.723,3.934,0
5.606,5.668,1
-0.413,-6.221,0
-2.473,-5.24,0
9.733,5.582,0
4.355,-8.28,0
9.024,-6.185,0
-7.63,-0.889,1
7.011,8.604,1
2.741,1.238,0
-7.562,-2.246,1
1.765,9.567,1
3.722,-0.726,0
-9.754,-1.325,1
-0.914,-1.767,0
6.508,-3.756,0
-4.093,-3.486,0
-0.829,3.757,1
-1.154,-9.183,0
-3.961,3.636,1
8.369,-5.976,0
5.626,-2.316,0
-7.788,-7.069,0
9.941,1.055,0
7.584,4.587,0
-4.322,-2.907,0
6.738,-6.732,0
-7.872,-5.47,0
9.982,6.362,0
3.314,-4.647,0
3.003,5.494,1
-8.191,-3.376,1
7.941,-6.225,0
-9.42,4.546,1
-5.183,-0.629,1
-7.14,-9.374,0
5.535,9.199,1
-6.036,-7.045,0
8.213,-2.932,0
3.125,-2.304,0
-9.277,-0.211,1
-9.891,5.709,1
-8.967,-9.878,0
2.119,8.649,1
6.03,2.92,0
-5.229,9.013,1
6.988,6.348,0
-8.855,8.557,1
6.019,2.02,0
8.556,-2.854,0
5.442,-1.142,0
3.962,3.161,0
6.76,-1.461,0
-9.197,4.633,1
-5.964,-8.163,0
-7.502,6.6,1
0.091,-5.916,0
4.904,8.879,1
2.6,-6.889,0
7.023,-7.417,0
-6.896,6.238,1
4.692,6.374,1
-6.139,4.775,1
-4.585,9.211,1
4.198,-4.589,0
9.604,6.533,0
2.231,-2.959,0
-8.91,0.748,1
2.326,-1.088,0
-9.153,-9.883,0
7.683,1.489,0
4.192,4.95,1
-6.537,-6.509,0
-8.166,8.633,1
-6.329,0.608,1
9.601,-6.435,0
-0.829,2.919,1
5.682,-6.162,0
2.728,-8.729,0
1.448,3.706,1
-7.097,-7.786,0
8.92,-7.876,0
-3.973,4.799,1
1.56,-8.896,0
3.996,6.195,1
2.985,5.923,1
8.812,-7.172,0
-7.031,0.368,1
0.167,-8.067,0
-1.919,2.651,1
-0.517,-8.741,0
-7.616,8.89,1
-7.318,-5.845,0
-4.438,3.658,1
-3.906,-7.434,0
-1.442,-5.808,0
2.22,-0.981,0
2.693,1.462,0
-1.764,9.977,1
-1.824,-9.481,0
-5.647,-9.994,0
1.766,-2.993,0
-3.659,-2.677,0
-9.279,7.677,1
-1.632,8.252,1
-0.517,7.61,1
-5.488,-7.136,0
1.449,-1.758,0
1.315,4.918,1
4.04,-3.748,0
2.959,3.265,0
3.049,-5.257,0
-3.676,-3.532,0
5.749,7.209,1
0.983,-4.99,0
-1.372,9.286,1
2.52,-3.875,0
-2.787,-9.529,0
0.255,-4.902,0
4.734,-6.576,0
7.728,0.137,0
8.421,-7.746,0
0.073,2.521,1
0.406,7.498,1
5.997,-2.75,0
-3.711,-6.63,0
6.748,-2.0,0
-0.117,5.719,1
-7.683,1.83,1
-8.559,-7.977,0
6.84,0.744,0
-8.889,-0.638,1
-4.388,-3.458,0
-3.317,-7.797,0
-6.54,9.622,1
-3.722,-6.479,0
4.854,-6.145,0
-9.706,-7.088,0
6.543,1.404,0
7.131,-1.127,0
-2.555,-5.009,0
-6.928,-1.412,1
2.017,3.47,1
-7.607,-4.366,1
-2.702,8.305,1
9.169,-3.873,0
9.909,-6.036,0
5.442,9.091,1
-3.781,6.211,1
3.753,-3.137,0
4.108,6.829,1
-2.243,0.376,1
2.818,-3.065,0
-9.785,6.792,1
-5.819,5.043,1
0.502,-4.043,0
-6.725,2.134,1
-6.682,-2.612,1
6.726,-9.979,0
9.783,9.236,1
1.119,0.993,0
6.781,1.969,0
9.806,1.998,0
-7.168,1.013,1
-1.035,-4.199,0
-2.149,9.432,1
-8.399,2.433,1
5.107,3.418,0
-1.324,-0.904,0
-0.613,-4.243,0
-6.987,-8.713,0
-6.381,-2.995,1
8.142,-6.478,0
-9.107,3.242,1
-5.343,7.58,1
-4.159,-3.945,0
-0.196,-3.342,0
1.729,3.407,1
-0.134,-7.015,0
-8.318,8.589,1
-5.127,-2.723,1
6.872,-7.976,0
2.752,-6.506,0
2.983,8.655,1
3.404,-5.058,0
5.258,3.245,0
-8.838,-6.877,0
-2.668,-6.118,0
0.791,7.585,1
-3.231,-7.039,0
6.89,-9.625,0
-0.349,0.025,0
5.373,7.255,1
7.04,-3.48,0
0.096,-7.437,0
8.191,9.645,1
1.742,3.535,1
7.005,7.014,1
-3.188,5.043,1
-0.024,3.965,1
0.628,-2.309,0
-7.9,-3.513,1
-2.029,4.339,1
8.347,4.334,0
2.617,9.012,1
-6.45,1.373,1
-3.223,-4.108,0
-6.168,-0.209,1
-9.504,2.274,1
8.549,-1.465,0
-1.036,5.823,1
-3.849,1.692,1
1.97,-9.811,0
-9.854,1.397,1
-4.44,2.672,1
4.061,8.305,1
2.675,-1.726,0
9.636,1.489,0
2.407,-0.5,0
-0.45,0.633,0
5.229,-8.654,0
8.067,7.946,1
4.414,8.208,1
9.264,0.961,0
5.64,1.131,0
7.336,-8.849,0
-7.718,1.959,1
4.648,-1.417,0
-1.198,4.181,1
1.062,-9.058,0
3.082,4.218,1
9.396,-4.262,0
9.692,3.034,0
-4.235,2.543,1
4.675,-5.463,0
5.0,-1.191,0
-3.07,6.713,1
-7.523,2.112,1
-9.181,-8.625,0
5.547,-1.142,0
-0.206,-3.765,0
9.711,2.833,0
-0.701,2.291,1
9.558,-9.792,0
-1.768,2.154,1
5.874,4.697,0
-8.304,5.375,1
1.109,-8.82,0
6.041,-3.927,0
8.494,-1.575,0
6.452,-6.405,0
-9.261,-1.585,1
-2.546,-8.577,0
-9.026,-7.736,0
-7.814,3.374,1
3.506,-4.749,0
4.265,4.228,0
5.474,-9.038,0
7.309,1.254,0
4.789,-2.171,0
6.017,5.939,1
-9.021,5.679,1
-5.309,-2.489,1
2.438,2.454,0
7.163,-5.449,0
-9.91,1.608,1
0.293,-8.375,0
3.546,-1.308,0
-9.408,-6.345,1
-1.973,7.668,1
7.913,-1.102,0
3.432,1.815,0
-5.247,-2.792,1
7.056,-4.225,0
-3.039,-5.942,0
7.067,8.237,1
-4.021,5.989,1
1.806,-7.335,0
-2.061,4.934,1
-4.503,-1.629,1
7.731,-9.692,0
-6.248,0.567,1
-8.304,-7.399,0
-3.161,-5.801,0
4.353,3.921,0
6.149,-4.857,0
9.975,7.838,0
-4.073,3.143,1
-1.841,6.646,1
-7.264,2.304,1
1.497,7.377,1
9.952,-2.766,0
4.018,0.983,0
1.904,0.318,0
-2.153,8.076,1
8.306,-6.702,0
-0.062,1.561,1
-7.313,5.089,1
-2.692,-2.599,0
-8.657,7.352,1
-5.96,-2.54,1
-9.647,-6.534,1
-0.934,1.681,1
2.691,-1.589,0
-3.134,-9.696,0
-1.592,-8.603,0
9.184,-6.094,0
5.039,5.387,1
0.817,7.841,1
-4.309,0.913,1
7.94,-7.889,0
-5.298,0.688,1
-3.493,7.112,1
8.181,4.99,0
0.591,-4.178,0
4.846,-7.522,0
1.815,8.014,1
3.069,7.082,1
-4.012,-8.926,0
-5.173,6.473,1
-3.55,-8.056,0
-6.891,-8.734,0
7.486,5.172,0
-4.335,0.726,1
1.23,-1.709,0
5.839,8.077,1
5.676,6.786,1
-1.232,-8.848,0
-0.475,2.322,1
9.894,5.445,0
3.492,1.01,0
6.293,9.66,1
8.051,3.721,0
5.752,-7.917,0
-6.296,-6.034,0
1.243,6.525,1
-7.962,9.935,1
3.058,-8.033,0
9.107,-7.993,0
0.255,5.268,1
-1.341,-8.713,0
-9.283,-8.629,0
9.195,7.776,0
-7.94,6.009,1
-9.178,7.631,1
-5.079,3.01,1
-8.689,-3.549,1
-0.898,8.126,1
0.322,-4.026,0
-3.749,-4.49,0
-8.981,7.728,1
-7.768,3.616,1
-2.31,7.913,1
-8.789,-6.882,0
3.964,9.046,1
-5.86,2.255,1
-3.959,3.361,1
-2.117,8.281,1
-1.668,-2.385,0
-9.967,4.391,1
-7.759,2.807,1
7.255,5.755,0
-9.975,7.939,1
0.163,3.601,1
-0.21,-8.647,0
-3.338,-6.337,0
-1.373,9.08,1
5.612,9.373,1
6.824,9.348,1
-4.793,-9.264,0
-3.55,-2.351,0
-5.15,5.193,1
-0.403,5.058,1
3.665,-8.282,0
-5.435,2.19,1
-3.385,-7.143,0
8.608,-0.136,0
-9.029,-5.206,1
-0.785,-8.937,0
4.231,-8.4,0
-6.991,8.218,1
-9.053,4.893,1
-7.236,8.636,1
8.376,-0.6,0
-9.815,-1.734,1
-6.234,-2.832,1
-9.374,2.326,1
-7.787,-2.969,1
2.403,4.925,1
-5.167,6.026,1
1.384,7.517,1
1.804,-5.144,0
6.989,0.54,0
-9.905,-5.531,1
7.067,-9.249,0
2.382,4.157,1
-6.745,0.98,1
5.459,4.479,0
7.11,-8.248,0
-4.915,9.911,1
8.376,9.887,1
-0.911,-0.7,0
2.068,7.321,1
9.693,-5.129,0
-2.769,4.751,1
6.263,7.585,1
-3.632,6.293,1
5.984,6.235,1
2.015,-0.739,0
-5.673,6.4,1
-1.719,3.814,1
-3.647,-7.351,0
-8.438,-7.716,0
-9.403,5.438,1
-3.07,2.509,1
-9.619,0.388,1
-6.69,8.145,1
4.504,3.192,0
4.162,-2.077,0
4.772,-1.721,0
-3.657,2.105,1
7.8,5.206,0
1.877,1.287,0
-7.479,0.175,1
-7.126,4.538,1
3.862,4.105,1
-6.541,6.607,1
0.146,-8.749,0
9.835,5.099,0
-9.92,0.275,1
-9.668,-8.506,0
9.862,3.58,0
1.693,4.331,1
-7.462,0.473,1
7.946,5.876,0
7.608,-3.995,0
0.724,-5.962,0
2.436,-2.985,0
-4.536,-1.799,1
-8.99,3.919,1
1.891,6.91,1
-4.105,4.418,1
3.272,-6.52,0
6.725,-2.676,0
-9.637,-6.832,0
1.914,3.734,1
-5.374,-5.037,0
7.478,0.508,0
-4.927,5.837,1
2.215,3.419,1
1.071,-4.033,0
-2.077,-3.343,0
3.552,3.067,0
4.515,0.989,0
1.339,-8.072,0
5.168,7.48,1
9.668,0.252,0
-1.615,-0.533,0
0.292,-6.031,0
-9.751,-2.46,1
5.921,-3.344,0
0.405,-4.585,0
-1.841,1.348,1
-8.119,-0.754,1
7.793,7.784,1
-2.1,8.827,1
3.652,-5.611,0
-7.013,-7.998,0
9.231,5.707,0
-6.431,9.897,1
-6.009,7.272,1
7.18,-9.526,0
8.252,-4.975,0
-5.757,-9.133,0
-0.604,6.416,1
4.67,1.628,0
7.567,0.274,0
-2.419,1.089,1
0.34,-4.951,0
4.834,2.033,0
4.623,-9.387,0
5.659,2.92,0
1.399,4.689,1
-7.908,3.461,1
8.079,-3.358,0
7.311,6.525,0
5.962,4.311,0
-8.003,-7.434,0
-5.912,-6.097,0
4.872,2.742,0
-9.537,-4.212,1
9.584,-7.611,0
-2.457,-6.901,0
4.386,-6.688,0
7.751,-0.444,0
-2.107,2.148,1
-3.617,-6.472,0
2.175,4.25,1
1.62,-4.38,0
-1.817,-3.769,0
2.035,-5.53,0
8.708,5.704,0
-0.647,9.196,1
-6.065,-0.15,1
-2.456,-9.159,0
-2.118,-4.789,0
-7.378,-6.839,0
-6.743,6.855,1
3.691,-8.303,0
-3.21,9.33,1
9.098,1.77,0
-5.128,0.355,1
-8.022,6.947,1
5.07,-9.449,0
7.621,5.543,0
-4.438,-7.668,0
-5.958,6.816,1
-6.285,0.584,1
0.44,-8.777,0
-0.632,6.665,1
-4.811,-9.454,0
-9.097,-7.233,0
-0.37,5.956,1
9.187,-0.703,0
3.05,7.628,1
-0.09,2.709,1
-7.786,2.471,1
-4.951,-4.155,0
-4.105,-7.326,0
5.296,9.223,1
7.534,-7.904,0
8.033,0.58,0
9.691,-4.549,0
9.647,-4.717,0
9.06,1.892,0
-8.564,5.959,1
-7.244,5.544,1
-3.911,7.376,1
1.058,-4.142,0
-8.06,-0.685,1
6.916,-9.813,0
2.335,4.937,1
0.847,-3.953,0
-6.694,1.23,1
-4.935,-6.614,0
-6.794,6.388,1
7.039,6.345,0
1.685,7.549,1
4.703,-9.081,0
-4.079,9.849,1
-2.575,-5.044,0
-1.903,-3.811,0
5.2,-5.013,0
5.447,-4.649,0
-5.864,1.053,1
8.831,-5.204,0
-7.587,-2.125,1
7.922,3.112,0
-7.992,6.721,1
-4.709,3.855,1
6.93,1.886,0
-6.41,-7.045,0
-1.729,6.322,1
-1.003,-9.255,0
-5.095,-4.716,0
4.205,-8.859,0
7.027,3.349,0
7.492,-2.633,0
-3.214,3.041,1
0.617,-3.059,0
-5.032,-0.885,1
-5.104,-0.841,1
-6.775,-9.088,0
8.8,-1.395,0
7.76,2.821,0
5.547,0.921,0
0.353,-8.494,0
-0.188,3.361,1
0.595,-3.823,0
0.731,-9.711,0
-1.309,-6.888,0
-7.365,-0.049,1
-7.487,-3.792,1
9.045,3.888,0
-0.359,-5.187,0
9.064,5.456,0
-6.728,-4.27,1
1.088,2.417,1
-5.846,5.984,1
-4.936,-2.289,1
-9.399,-9.064,0
-7.621,0.709,1
8.337,9.908,1
-3.569,9.38,1
2.163,-5.58,0
-0.7,5.114,1
-1.991,-3.101,0
0.638,-6.795,0
-6.255,3.318,1
9.772,0.017,0
6.366,0.785,0
4.832,6.548,1
-0.625,-3.269,0
-6.942,3.342,1
8.413,-2.676,0
-3.172,-9.146,0
-8.998,-2.44,1
-3.152,9.001,1
5.889,-0.335,0
2.454,-7.835,0
5.017,3.757,0
5.873,9.268,1
-5.761,8.159,1
8.476,1.439,0
-1.24,-2.474,0
2.78,1.614,0
-9.954,6.319,1
9.867,7.225,0
-4.382,6.377,1
-8.759,-0.89,1
-0.835,-7.623,0
-7.419,1.383,1
-6.953,-6.871,0
2.646,-8.781,0
-2.141,-0.027,1
8.437,3.107,0
-3.617,7.083,1
4.524,5.657,1
-0.778,7.145,1
3.199,5.201,1
1.994,4.065,1
-0.544,-9.797,0
9.001,2.522,0
-3.146,-7.59,0
-6.455,-8.827,0
3.562,-6.872,0
6.92,6.466,0
-9.195,4.877,1
-1.007,8.975,1
7.85,9.58,1
4.992,7.866,1
9.836,-7.341,0
0.628,7.568,1
3.2,6.773,1
-3.95,7.422,1
8.951,-6.966,0
-2.673,-7.664,0
4.77,8.476,1
-1.937,-6.523,0
1.236,-2.628,0
4.396,-0.88,0
0.179,-7.511,0
8.142,-9.587,0
-1.614,9.882,1
2.941,7.533,1
-3.153,8.247,1
-1.837,-4.309,0
-1.199,-5.598,0
-7.484,-1.483,1
-8.166,-0.934,1
3.35,-9.888,0
3.11,5.585,1
3.258,9.933,1
-9.605,0.574,1
-3.469,-2.235,0
-6.044,-2.145,1
5.563,-8.078,0
7.213,-4.677,0
-5.066,0.043,1
3.357,-1.363,0
-7.413,0.901,1
-4.497,6.981,1
-7.227,-5.495,0
-4.33,-9.447,0
3.495,-9.235,0
8.207,-7.317,0
-5.95,1.41,1
0.842,6.164,1
4.028,7.736,1
9.058,2.702,0
2.201,-1.937,0
-4.898,-6.91,0
2.51,-1.972,0
-3.59,-3.352,0
9.523,7.401,0
-2.006,-0.266,1
3.709,-5.476,0
-9.535,-4.224,1
-1.999,-7.271,0
7.502,8.372,1
2.205,-8.993,0
-1.121,-9.743,0
8.719,-6.34,0
7.08,6.217,0
-3.556,0.469,1
0.891,2.517,1
-0.204,-2.845,0
2.644,-8.626,0
-3.318,7.123,1
-5.116,-6.162,0
8.253,-9.339,0
8.477,1.454,0
6.866,-8.334,0
9.564,-8.085,0
4.9,6.008,1
5.293,-0.168,0
5.252,-5.17,0
-0.388,-3.027,0
-0.871,4.585,1
-5.195,-8.673,0
2.896,-7.67,0
-4.214,2.325,1
-4.844,2.139,1
1.719,9.449,1
-1.8,-2.509,0
-5.623,-8.698,0
6.321,0.751,0
7.211,2.767,0
-6.646,-7.208,0
-9.85,1.057,1
-3.277,-6.045,0
5.95,6.895,1
6.783,6.703,1
-7.233,-1.407,1
5.487,9.335,1
-7.686,9.595,1
-2.199,-7.415,0
9.972,-2.646,0
-6.148,2.006,1
-6.921,-8.303,0
-1.544,-2.347,0
2.393,-4.777,0
8.658,9.041,1
9.616,-1.768,0
-8.607,5.253,1
-7.24,-2.266,1
5.815,-7.364,0
-4.587,7.263,1
7.697,-9.992,0
3.269,-8.881,0
-7.763,-2.712,1
6.651,3.738,0
-6.473,-3.166,1
-1.53,-8.674,0
1.044,-3.643,0
0.015,-5.1,0
3.723,-9.892,0
3.054,0.696,0
9.841,-7.667,0
9.988,-4.25,0
0.329,2.824,1
-8.096,4.502,1
4.557,-4.731,0
9.533,-3.416,0
-3.633,-5.062,0
-0.776,9.138,1
-1.504,-6.19,0
-8.972,-6.336,0
3.445,-1.099,0
-2.933,-6.214,0
5.749,-6.866,0
6.642,-8.082,0
6.425,2.803,0
-1.667,2.242,1
-3.569,3.003,1
4.976,5.466,1
6.028,-3.473,0
-0.175,8.368,1
7.861,4.664,0
-7.122,6.094,1
7.581,4.419,0
-8.078,-2.831,1
-6.929,-4.339,1
0.677,-1.55,0
-8.65,-8.059,0
-8.944,-0.974,1
-9.99,-9.137,0
-1.274,-9.921,0
5.492,8.63,1
-9.303,3.787,1
3.045,1.237,0
6.463,-3.178,0
-6.64,1.411,1
-7.063,7.832,1
7.216,3.048,0
6.462,2.05,0
0.779,-0.796,0
6.384,-3.086,0
-8.145,3.971,1
-2.11,9.62,1
4.756,-1.505,0
-4.851,-2.156,1
5.047,-1.438,0
0.084,-1.489,0
5.005,9.812,1
-0.706,4.136,1
-2.642,-2.816,0
-5.616,-2.57,1
-5.832,-1.384,1
5.03,-9.266,0
-7.622,0.556,1
-8.28,6.228,1
-6.474,3.211,1
-6.493,-6.032,0
6.462,4.561,0
-2.03,4.389,1
9.808,-4.749,0
-7.256,2.457,1
3.071,2.219,0
-1.025,6.796,1
-2.142,-7.279,0
7.502,-6.103,0
9.512,-0.281,0
7.457,-9.117,0
-6.154,-1.688,1
-5.584,5.764,1
3.121,-7.026,0
-4.218,-0.801,1
4.695,9.795,1
1.328,0.118,0
1.018,-0.034,0
6.571,1.176,0
4.211,-6.28,0
-9.468,-7.057,0
-9.011,3.547,1
2.031,-2.085,0
-0.276,-4.202,0
-4.796,-9.372,0
-1.627,6.921,1
5.158,-9.353,0
6.532,5.0,0
1.224,-2.36,0
-2.293,1.974,1
-4.586,-5.046,0
0.438,-6.892,0
-3.705,0.668,1
1.282,3.912,1
3.533,-6.09,0
-8.678,-1.273,1
-9.979,-1.107,1
-5.754,-5.68,0
7.89,1.301,0
2.926,-7.081,0
-6.561,0.195,1
7.805,-7.731,0
-0.601,-0.289,0
-0.478,-3.768,0
8.711,-0.955,0
-8.81,-1.325,1
-5.696,8.159,1
1.715,-0.201,0
-6.09,6.37,1
3.591,-5.487,0
-5.718,-2.958,1
-8.017,-8.498,0
-5.86,-1.585,1
-1.545,3.374,1
-6.477,6.763,1
-7.306,1.318,1
7.206,2.801,0
-3.592,-6.455,0
-2.785,-9.256,0
-8.895,5.834,1
-2.853,-6.659,0
-4.704,-8.177,0
2.21,8.751,1
-5.892,9.27,1
7.767,2.325,0
8.593,-2.427,0
-8.003,6.665,1
-7.852,-5.906,0
-7.693,-1.412,1
2.391,-2.86,0
-7.561,8.254,1
7.048,8.396,1
5.085,3.018,0
6.396,-7.785,0
0.521,-0.356,0
9.934,-5.093,0
-9.116,7.698,1
-1.975,-7.232,0
-3.521,-8.914,0
8.973,4.089,0
1.537,-0.934,0
6.124,6.767,1
-6.593,-8.507,0
9.573,6.022,0
-0.027,-9.253,0
-0.127,-9.439,0
9.418,-0.774,0
-2.385,-5.574,0
-2.049,1.874,1
1.695,-9.484,0
-7.439,-9.292,0
-3.578,4.543,1
-6.136,-5.797,0
-7.934,3.128,1
7.323,4.998,0
1.787,-8.813,0
-2.827,5.395,1
-1.827,-4.632,0
-1.37,-2.209,0
2.663,-8.267,0
8.535,6.773,0
8.656,1.215,0
-2.17,0.093,1
-3.415,9.371,1
-0.979,-3.31,0
1.359,7.816,1
-0.764,4.394,1
3.175,8.571,1
1.088,8.156,1
-3.586,9.821,1
-3.085,-7.366,0
-2.428,5.92,1
-8.107,6.09,1
-6.679,2.887,1
4.462,-4.423,0
-2.218,9.303,1
-5.709,-5.912,0
1.253,-0.008,0
5.111,0.43,0
-4.852,-6.763,0
6.536,4.451,0
8.55,-8.223,0
1.948,3.862,1
3.379,6.972,1
-8.948,-3.012,1
8.91,4.188,0
-2.15,-6.865,0
8.478,6.919,0
1.58,9.041,1
-9.908,-6.946,0
-9.229,3.837,1
3.608,0.117,0
1.253,0.63,0
-9.469,4.13,1
4.869,-0.225,0
7.043,2.007,0
-0.072,-5.382,0
-0.685,-2.43,0
-9.891,7.305,1
5.733,-7.802,0
-3.386,1.952,1
7.575,-6.314,0
-2.539,6.931,1
1.302,1.581,0
-4.593,-1.939,1
-6.788,-5.004,0
5.498,-1.263,0
-0.068,9.152,1
0.73,0.184,0
9.308,-0.61,0
9.272,4.925,0
7.113,-2.419,0
-6.248,-1.452,1
1.885,-3.261,0
7.563,-6.982,0
-2.511,4.276,1
-7.978,7.461,1
6.219,8.112,1
-0.365,7.616,1
1.288,-0.964,0
9.643,-4.319,0
2.144,2.758,1
-1.5,9.094,1
-2.6,4.541,1
-1.648,-0.103,1
-7.632,3.776,1
5.895,5.451,0
6.754,8.385,1
-4.312,5.264,1
-3.924,-1.336,1
7.487,-4.528,0
-9.521,-0.002,1
0.409,-3.436,0
-0.726,8.855,1
3.803,0.159,0
-6.732,-0.559,1
3.367,-3.036,0
-2.465,2.788,1
2.374,0.401,0
-9.198,-7.419,0
-0.765,7.384,1
0.445,-2.82,0
-5.713,-1.348,1
-7.208,-5.887,0
-6.231,1.068,1
-3.117,4.041,1
-8.064,7.623,1
8.946,-8.968,0
-1.9,9.467,1
6.179,4.076,0
9.488,-4.314,0
-8.385,-5.911,0
3.033,-4.078,0
7.428,7.515,1
2.685,-4.172,0
-1.419,-0.744,0
-1.378,4.115,1
-9.282,7.44,1
0.692,3.171,1
9.871,5.062,0
9.174,-6.533,0
-9.192,7.548,1
4.116,-4.486,0
-3.965,-7.432,0
8.06,9.525,1
-9.098,-5.967,1
8.717,-7.267,0
6.75,2.52,0
-7.65,-3.623,1
-8.804,-7.333,0
6.694,2.022,0
-6.885,5.18,1
0.698,5.864,1
8.315,-6.89,0
1.349,1.137,0
-2.055,6.274,1
-1.1,-6.778,0
-8.738,-5.846,1
9.375,-9.952,0
-3.787,0.493,1
-6.213,-6.106,0
-4.279,4.485,1
9.287,9.244,1
-8.114,-5.825,0
7.346,2.982,0
4.157,-5.763,0
6.6,-9.64,0
9.518,5.171,0
6.843,-1.32,0
8.868,8.936,1
-7.461,0.686,1
5.916,-6.85,0
0.914,-1.005,0
0.87,-5.942,0
7.978,7.561,1
9.436,3.818,0
4.097,-3.175,0
-0.341,0.556,0
-0.872,3.39,1
-2.273,5.657,1
-2.768,-8.397,0
-2.17,-9.55,0
-8.205,-7.711,0
-8.451,-2.1,1
5.597,-0.666,0
-1.079,-7.271,0
8.614,-1.777,0
2.244,-1.168,0
-9.296,-7.818,0
-6.85,8.333,1
-5.884,1.983,1
9.515,-2.229,0
-5.626,0.138,1
0.315,-3.716,0
8.724,7.087,0
9.544,1.5,0
-5.273,-0.102,1
-9.018,8.218,1
-6.928,6.76,1
-8.733,6.256,1
-6.098,-5.488,0
1.371,-6.938,0
8.249,3.802,0
0.744,-0.627,0
2.52,3.674,1
-5.963,5.213,1
6.012,-4.094,0
2.356,-4.307,0
7.283,-0.183,0
8.977,-4.529,0
-3.042,3.346,1
-8.188,4.935,1
-5.481,-0.559,1
-1.243,4.476,1
8.914,0.209,0
-2.434,4.257,1
5.415,-5.501,0
0.81,4.777,1
-6.344,4.302,1
-3.585,-4.668,0
3.064,1.119,0
3.457,7.106,1
-1.305,-5.01,0
-5.427,4.72,1
4.438,9.079,1
-6.623,7.325,1
8.733,-1.97,0
-6.242,2.144,1
-7.854,9.835,1
-0.047,1.369,1
0.391,-7.699,0
0.164,-9.091,0
-1.267,5.806,1
9.896,-1.527,0
-0.274,-5.064,0
-0.441,-3.047,0
-1.565,5.147,1
-8.663,-0.695,1
1.859,7.37,1
-5.441,4.699,1
2.752,9.48,1
-8.983,7.77,1
9.628,-4.909,0
-0.62,3.181,1
7.935,-9.589,0
-0.489,9.822,1
-8.793,-4.78,1
6.444,3.296,0
2.964,6.983,1
5.635,-6.791,0
-1.437,6.958,1
2.759,-9.755,0
7.125,-1.16,0
2.621,-0.559,0
-3.047,-2.518,0
3.251,1.728,0
3.437,8.297,1
9.212,-3.46,0
-2.582,1.585,1
-1.498,7.549,1
6.242,5.46,0
0.115,-9.185,0
4.731,8.856,1
-0.806,-9.067,0
-5.69,1.775,1
4.904,1.507,0
-7.377,5.728,1
-6.028,-7.031,0
2.536,-6.413,0
4.945,5.042,1
7.894,-7.01,0
-4.548,-0.611,1
-7.786,4.633,1
9.121,3.025,0
-6.912,-5.788,0
-6.047,-3.921,0
-4.173,9.379,1
0.588,-1.027,0
7.657,-9.111,0
5.211,-5.608,0
4.163,-3.151,0
-6.496,9.99,1
-2.846,-3.946,0
-0.432,-9.472,0
-7.051,0.258,1
-4.531,-8.328,0
-3.833,-4.519,0
-7.454,9.848,1
1.005,4.093,1
4.101,-8.987,0
-8.601,-1.026,1
-0.378,-6.567,0
5.644,-7.541,0
4.96,1.741,0
6.301,0.113,0
-1.035,4.857,1
6.411,7.846,1
-5.185,-5.066,0
-2.784,8.46,1
-6.473,0.36,1
-0.65,-4.823,0
-2.159,6.916,1
-5.181,-9.289,0
5.036,1.19,0
-3.723,4.432,1
-4.544,-4.4,0
-7.382,7.27,1
-1.224,-5.194,0
-3.941,6.797,1
-2.615,-8.429,0
-5.28,-6.801,0
5.263,-2.38,0
8.6,7.081,0
-0.041,-7.108,0
2.86,7.509,1
7.343,-5.405,0
9.977,-0.95,0
2.27,-2.945,0
7.796,-7.637,0
8.172,8.886,1
5.829,-1.236,0
-0.781,3.807,1
-8.377,1.505,1
-9.684,0.034,1
-0.456,2.332,1
-0.114,7.967,1
-1.853,3.986,1
1.363,0.65,0
1.043,2.904,1
6.732,2.128,0
-7.827,-1.338,1
-5.496,2.495,1
5.86,-1.129,0
6.957,5.152,0
9.896,9.378,1
7.458,9.197,1
7.798,6.415,0
-3.713,2.035,1
-1.967,4.987,1
-4.638,-6.439,0
2.126,-0.42,0
8.776,-4.854,0
-3.107,-9.93,0
1.14,9.335,1
-4.074,7.277,1
-6.604,0.274,1
-6.096,-4.917,0
-8.841,3.86,1
8.986,-1.304,0
-1.942,6.067,1
6.682,9.99,1
3.627,-3.018,0
-6.162,-5.112,0
-6.491,-4.652,0
6.24,-8.133,0
-4.706,-2.119,1
8.266,-9.651,0
-7.199,-7.712,0
3.554,-4.566,0
6.289,-6.803,0
-5.295,4.643,1
-4.476,-7.888,0
9.29,7.32,0
-4.708,-5.578,0
-1.401,-7.828,0
-1.35,-9.798,0
-4.939,4.304,1
5.516,-4.868,0
5.437,0.19,0
-2.434,-7.768,0
6.703,9.706,1
-5.739,-7.492,0
-9.914,-1.761,1
1.423,7.033,1
9.882,-5.102,0
-9.227,-4.661,1
-5.84,6.17,1
0.378,-4.533,0
6.199,-9.943,0
-8.219,-1.442,1
-2.095,-9.749,0
4.942,8.196,1
-2.569,2.836,1
-6.223,1.66,1
-6.09,-5.968,0
-1.799,3.999,1
-0.412,3.545,1
7.236,-8.791,0
2.845,7.617,1
3.808,1.588,0
9.66,5.849,0
-1.763,-4.742,0
-1.933,-7.559,0
8.467,4.049,0
-5.082,5.878,1
4.596,-2.279,0
5.091,-9.526,0
-8.044,6.365,1
-0.635,-5.878,0
-5.989,-3.219,1
-6.292,2.565,1
-0.723,-8.001,0
-4.211,-8.56,0
5.921,-9.486,0
8.152,8.333,1
6.054,-3.772,0
-4.679,3.213,1
-4.517,9.785,1
-4.905,3.389,1
-7.299,0.502,1
8.876,0.418,0
-1.959,-2.462,0
-5.506,1.996,1
6.933,9.176,1
-2.016,5.761,1
-9.298,-1.515,1
-6.761,-3.351,1
2.785,7.671,1
5.658,-7.284,0
-5.781,6.992,1
8.348,-4.898,0
7.02,4.313,0
6.968,6.124,0
-5.447,-0.46,1
-8.989,-6.154,1
7.348,6.895,1
-3.884,-2.65,0
2.378,-3.586,0
5.199,0.2,0
-7.434,-1.298,1
5.617,3.661,0
8.77,-7.256,0
4.567,-1.286,0
-1.176,7.834,1
7.534,-9.279,0
0.549,-0.853,0
4.895,3.211,0
6.41,7.754,1
4.987,1.876,0
-4.243,6.49,1
-7.643,-5.546,0
-5.233,-2.944,1
0.057,8.843,1
0.106,7.72,1
1.653,1.159,0
-2.098,-0.49,1
5.738,-0.979,0
8.263,-8.824,0
-5.065,7.848,1
4.73,6.363,1
3.559,-0.875,0
0.462,-4.411,0
-6.229,-3.142,1
5.905,-7.537,0
9.213,4.436,0
4.437,1.133,0
8.357,-5.318,0
9.684,2.46,0
-2.959,9.585,1
2.764,-7.552,0
-0.521,-0.83,0
9.733,-0.117,0
-8.124,-6.664,0
-1.753,0.632,1
7.511,2.12,0
-4.319,-6.853,0
5.756,-6.906,0
-2.344,7.127,1
9.6,-3.772,0
7.671,2.607,0
-3.974,2.535,1
5.404,6.783,1
-3.263,4.798,1
2.127,6.812,1
3.17,2.504,0
6.592,-1.011,0
-9.511,-2.129,1
-5.597,-2.419,1
4.238,-1.632,0
1.27,-7.414,0
-0.088,-1.521,0
-8.896,-2.211,1
-3.034,-9.309,0
7.302,-4.497,0
-9.382,5.038,1
-2.071,1.559,1
8.903,6.123,0
-8.982,0.854,1
4.994,7.082,1
-4.848,5.921,1
7.332,-8.034,0
4.921,9.54,1
7.714,-9.705,0
-5.682,1.937,1
0.626,5.85,1
5.585,-3.362,0
-5.086,1.971,1
-5.385,-2.758,1
-9.456,-8.788,0
9.17,-9.831,0
4.2,-8.103,0
2.711,-8.032,0
4.88,2.218,0
0.632,0.517,0
-0.477,-0.891,0
-1.009,3.838,1
2.809,-9.663,0
-5.969,-4.58,0
7.761,5.548,0
6.235,8.2,1
-3.009,-1.233,1
1.572,-8.37,0
-7.179,5.975,1
9.447,7.703,0
8.058,-1.727,0
8.438,-5.133,0
-3.357,-9.121,0
-6.617,1.822,1
-5.765,8.197,1
-8.2,3.558,1
-7.598,-3.655,1
-8.574,2.858,1
9.796,6.641,0
-8.519,-0.483,1
-7.349,6.395,1
6.545,-2.162,0
1.605,-3.03,0
5.488,1.66,0
2.618,-0.706,0
7.644,9.542,1
2.769,0.328,0
0.443,-2.297,0
4.255,-2.101,0
-1.052,0.959,1
-3.079,-2.902,0
-0.647,4.458,1
-6.606,-2.387,1
5.931,-2.317,0
-4.786,2.339,1
-6.929,-8.783,0
-5.073,3.107,1
6.841,0.099,0
-3.396,-0.939,1
3.721,4.385,1
7.128,5.165,0
-8.445,6.925,1
5.3,-2.504,0
-3.847,-3.459,0
-5.668,4.287,1
3.778,1.636,0
8.196,2.636,0
-4.1,1.11,1
1.377,5.454,1
-4.203,-6.199,0
1.086,1.114,0
2.437,-6.838,0
2.207,-1.855,0
2.471,3.28,1
-7.298,-0.139,1
3.871,-2.408,0
3.495,7.699,1
3.652,5.457,1
-8.519,0.526,1
-1.063,9.001,1
-1.819,-1.513,0
-8.266,5.761,1
-5.553,-6.641,0
-1.181,-4.284,0
4.858,-3.238,0
-5.259,-7.884,0
6.595,0.036,0
0.916,-6.155,0
5.208,2.684,0
-0.549,-6.198,0
-0.016,-7.53,0
2.394,9.382,1
8.559,3.165,0
-0.164,8.729,1
0.573,-0.202,0
2.04,-9.332,0
4.75,1.487,0
-8.563,1.167,1
0.314,-9.7,0
-0.368,7.225,1
8.434,2.399,0
-0.13,4.894,1
-0.634,-0.122,0
9.244,2.368,0
-0.988,-4.851,0
-6.382,9.475,1
-5.662,-1.986,1
-8.096,-6.753,0
-9.989,-8.882,0
-1.361,2.723,1
5.385,9.668,1
4.669,7.916,1
-9.357,4.042,1
1.4,9.812,1
-6.914,4.457,1
8.822,-3.215,0
-6.653,2.024,1
2.533,-8.405,0
-3.475,-5.566,0
2.831,-1.649,0
-1.755,-5.964,0
5.193,9.07,1
-5.386,9.912,1
8.116,-2.581,0
0.004,4.185,1
5.122,-1.845,0
6.995,-7.21,0
9.977,-3.261,0
-5.521,-5.333,0
-4.262,-3.438,0
-4.991,-5.7,0
-4.743,-7.753,0
1.649,-5.651,0
9.87,8.115,0
9.806,-8.296,0
0.535,-3.505,0
2.781,0.569,0
7.199,-2.91,0
8.659,0.352,0
-5.923,-9.132,0
0.571,2.971,1
6.657,1.27,0
-3.936,3.619,1
-1.204,1.345,1
9.712,-1.242,0
9.701,-2.997,0
8.122,-5.471,0
5.969,0.001,0
-4.617,-9.479,0
-3.583,-3.435,0
0.946,3.557,1
1.216,-7.826,0
0.11,-8.742,0
2.733,3.044,0
-1.834,-2.045,0
4.983,6.037,1
-3.329,8.746,1
-3.386,9.141,1
-7.455,-1.488,1
-6.226,-4.713,0
7.01,2.172,0
-1.074,2.564,1
-5.443,2.447,1
5.187,-3.564,0
1.08,-8.725,0
-9.577,-5.8,1
-3.673,-6.912,0
-6.46,-7.522,0
3.117,8.526,1
-4.499,-9.723,0
-8.701,2.037,1
-8.901,8.949,1
1.635,-2.799,0
-9.566,0.542,1
6.976,3.916,0
-6.892,-3.657,1
2.131,-0.447,0
-1.106,6.342,1
-1.143,4.907,1
-8.564,6.169,1
6.055,9.747,1
7.861,-2.593,0
-9.78,4.942,1
-6.428,2.056,1
8.078,3.332,0
0.99,4.797,1
-6.999,4.995,1
-5.944,7.715,1
3.2,-3.014,0
4.496,3.07,0
1.989,-4.394,0
9.063,1.891,0
-0.119,5.024,1
-3.995,5.82,1
-0.455,-1.598,0
-2.807,0.174,1
-5.512,-3.323,1
-9.081,-6.619,0
-2.956,-4.79,0
4.228,8.243,1
-9.631,-3.821,1
-1.216,9.495,1
2.88,-5.17,0
2.208,4.461,1
5.533,1.478,0
6.21,3.937,0
4.234,2.879,0
-7.944,4.135,1
-0.5,8.111,1
2.068,1.269,0
-5.089,-8.643,0
-9.149,-4.583,1
-5.528,4.164,1
-0.902,-0.119,0
-1.721,0.971,1
-6.467,1.932,1
6.488,-2.347,0
8.514,5.478,0
-5.973,4.471,1
8.591,4.286,0
-9.643,4.306,1
8.499,7.807,1
9.039,1.908,0
-9.759,9.341,1
5.26,-7.616,0
9.404,2.639,0
8.118,4.339,0
9.414,-0.456,0
1.006,-4.236,0
-8.437,1.001,1
6.996,-2.705,0
2.277,8.182,1
2.295,-2.864,0
-1.655,-6.486,0
1.437,1.528,0
-6.928,-2.08,1
4.795,-8.082,0
-8.5,1.297,1
4.596,0.757,0
6.98,-6.536,0
-0.551,1.953,1
0.197,1.347,1
-3.756,5.472,1
9.389,-2.769,0
4.662,-5.025,0
-2.62,9.024,1
-6.504,1.224,1
-5.608,-9.457,0
-0.722,6.414,1
8.851,-6.065,0
4.683,5.721,1
-5.695,4.103,1
7.191,9.376,1
-2.436,9.312,1
7.034,-4.512,0
-5.166,5.329,1
2.373,-3.663,0
8.533,2.584,0
-4.842,1.955,1
3.859,-8.909,0
9.746,-9.896,0
-6.988,-8.845,0
-8.232,-7.441,0
3.484,-4.847,0
-3.205,8.139,1
-8.575,0.373,1
-0.494,5.938,1
5.075,6.766,1
-4.298,4.699,1
-3.299,-2.172,0
6.914,7.277,1
0.401,4.841,1
6.855,4.863,0
-1.072,8.031,1
9.06,1.973,0
3.016,0.571,0
-7.682,7.803,1
7.702,-0.911,0
-0.215,6.231,1
-7.167,-8.923,0
-6.946,-9.974,0
3.751,0.566,0
-9.053,-8.528,0
-4.268,9.531,1
-7.204,-9.89,0
-1.178,4.363,1
-1.713,-5.132,0
0.438,9.351,1
-4.407,-2.369,1
-9.359,-9.454,0
2.288,-9.461,0
-2.526,1.067,1
3.027,9.734,1
-7.827,9.595,1
-9.724,-3.255,1
-5.034,-0.346,1
-0.869,-7.991,0
-2.119,0.444,1
6.206,1.994,0
-2.443,-4.979,0
0.609,2.242,1
1.87,7.994,1
-9.563,-9.981,0
0.303,-5.421,0
-3.103,-5.802,0
-1.574,-7.522,0
-7.994,-6.678,0
5.656,2.518,0
8.848,-7.946,0
-9.555,4.771,1
2.027,7.74,1
5.277,8.532,1
-4.304,3.204,1
5.751,-6.052,0
2.647,-8.294,0
8.583,-5.36,0
9.62,9.239,1
-9.153,9.247,1
-1.101,-2.362,0
0.94,-3.484,0
-7.065,0.2,1
-3.274,-4.166,0
9.753,9.593,1
-9.675,-5.576,1
-0.95,-2.617,0
6.853,-1.413,0
-3.522,-7.499,0
-0.404,-2.344,0
9.561,7.135,0
-0.502,-7.193,0
-7.382,1.68,1
-8.966,-1.867,1
8.908,-6.589,0
-4.684,-9.753,0
0.081,-4.533,0
-8.186,-8.763,0
-1.527,-2.465,0
8.602,6.204,0
0.048,4.394,1
9.423,8.948,1
-4.823,-1.46,1
0.091,4.156,1
7.191,3.307,0
-1.035,-5.659,0
-4.41,-3.928,0
7.11,0.597,0
-2.202,5.933,1
0.614,-0.764,0
9.531,-5.445,0
-6.27,9.869,1
-3.972,-7.688,0
-9.379,9.118,1
-2.163,6.181,1
-5.996,6.778,1
3.601,5.898,1
-6.374,-5.837,0
3.496,2.652,0
-4.73,5.135,1
-2.896,4.914,1
-3.023,-4.569,0
4.335,-6.378,0
-0.67,-3.438,0
-2.774,-0.403,1
7.052,1.476,0
1.439,6.739,1
-5.723,5.381,1
8.002,3.523,0
-3.147,-4.73,0
-9.22,-0.422,1
-0.108,-3.291,0
-7.521,-5.301,0
-5.231,-9.795,0
4.942,-3.211,0
-7.385,-4.878,1
6.139,1.438,0
8.738,-8.754,0
2.131,-4.59,0
4.207,-9.105,0
4.272,2.828,0
9.856,1.364,0
-3.169,-3.25,0
-6.743,-7.053,0
0.383,9.158,1
0.665,1.688,1
-6.442,3.582,1
2.262,0.627,0
-9.718,6.131,1
8.553,7.928,1
-4.709,-2.346,1
-9.209,3.801,1
-7.835,-5.402,0
-5.195,3.037,1
-4.522,-2.017,1
-9.344,-9.864,0
-4.413,9.111,1
-6.141,7.369,1
-2.428,-4.183,0
-2.297,9.955,1
-3.22,-3.657,0
-3.442,-0.823,1
-8.205,7.025,1
-9.496,-3.908,1
-5.958,-0.989,1
5.133,3.312,0
9.816,-7.391,0
8.571,-1.553,0
0.084,-3.812,0
0.636,3.535,1
-3.708,-7.281,0
5.479,-5.345,0
5.295,4.228,0
6.885,-6.876,0
7.91,-1.56,0
-1.313,4.258,1
5.338,5.309,1
6.128,-8.102,0
-3.831,7.04,1
8.585,4.479,0
-8.113,-3.214,1
9.885,5.276,0
5.402,4.566,0
-8.135,2.018,1
3.125,1.17,0
-9.316,4.694,1
5.404,9.985,1
5.984,1.571,0
2.048,6.174,1
7.137,4.885,0
-8.042,7.116,1
-4.482,9.09,1
-1.716,-6.138,0
-9.151,-6.691,0
-1.036,1.727,1
-4.696,-1.014,1
-2.145,1.414,1
-1.498,5.961,1
7.588,8.634,1
-4.593,-1.652,1
7.875,4.359,0
-1.481,-6.064,0
-3.444,0.691,1
0.05,-9.564,0
-1.645,0.075,1
-4.853,0.907,1
0.054,4.709,1
-6.964,2.99,1
-2.961,-2.832,0
1.316,-9.885,0
-1.732,-7.69,0
6.478,9.461,1
-4.866,8.447,1
9.395,-3.498,0
5.694,-4.823,0
9.352,-1.272,0
6.763,3.799,0
-7.158,-2.863,1
0.529,-8.654,0
-6.6,-1.944,1
6.365,-4.788,0
1.683,-3.501,0
-4.731,-6.741,0
8.592,3.177,0
-7.696,0.533,1
1.277,-4.583,0
4.421,1.077,0
-8.823,-0.146,1
1.957,5.919,1
6.318,9.12,1
-8.649,-7.387,0
0.245,7.678,1
-4.829,4.096,1
3.258,3.851,1
-7.626,-2.514,1
8.741,-3.122,0
7.895,-9.887,0
-6.281,9.644,1
-3.535,2.13,1
1.753,-1.953,0
4.361,0.875,0
-1.147,-9.189,0
-6.874,-6.527,0
-7.917,2.467,1
9.995,0.285,0
-0.893,5.741,1
7.451,3.175,0
-0.352,2.029,1
8.447,6.305,0
-8.245,-8.635,0
-7.72,3.818,1
8.593,4.312,0
8.95,-4.497,0
-3.706,-6.087,0
-2.897,-5.723,0
-0.951,-6.037,0
-1.677,0.476,1
-6.199,-7.287,0
7.968,3.186,0
-4.934,-7.898,0
4.105,-9.462,0
-8.657,-3.614,1
-9.225,-6.163,1
3.075,9.773,1
-3.22,-3.94,0
3.109,-5.559,0
-8.12,-6.065,0
8.997,-2.523,0
4.97,2.117,0
7.525,5.639,0
-7.271,-2.708,1
-3.597,2.519,1
-2.633,-0.359,1
0.743,6.93,1
-4.063,1.381,1
-8.787,-4.202,1
-2.622,4.072,1
-4.909,6.401,1
-2.282,-0.691,1
-6.061,9.744,1
-4.762,7.582,1
2.539,-6.061,0
-2.237,5.735,1
-3.092,2.019,1
0.678,0.696,0
5.437,0.279,0
-2.423,7.068,1
1.75,2.217,0
9.324,0.754,0
0.44,-9.023,0
8.196,-1.034,0
5.873,8.161,1
-8.826,4.235,1
-1.418,-8.981,0
3.966,7.68,1
9.734,6.533,0
-0.832,0.934,1
-8.144,-9.552,0
1.24,1.249,0
-7.469,-8.908,0
5.03,-3.592,0
0.154,2.578,1
4.469,8.258,1
7.387,-2.844,0
2.579,7.2,1
2.249,8.367,1
5.091,-9.579,0
6.849,-5.211,0
7.381,4.197,0
-9.271,5.137,1
1.124,-2.152,0
-5.675,3.135,1
7.207,2.243,0
2.968,4.795,1
-1.596,4.373,1
-6.238,-8.283,0
-3.22,-6.835,0
4.076,-7.345,0
-5.913,8.65,1
-8.128,8.271,1
7.761,5.948,0
5.284,-7.666,0
-6.004,1.485,1
-4.154,-6.255,0
9.441,-2.632,0
4.164,-4.658,0
2.21,6.579,1
-3.847,-7.111,0
-4.017,2.924,1
-9.21,9.678,1
4.57,3.741,0
-9.136,-8.415,0
-9.903,8.157,1
4.59,2.862,0
8.977,-0.874,0
5.13,3.194,0
-0.567,7.581,1
-0.279,-0.457,0
-1.277,0.626,1
-3.507,-0.951,1
0.434,-8.548,0
-1.377,5.741,1
1.963,-7.472,0
7.962,-2.109,0
9.9,-2.264,0
-8.425,-4.399,1
-2.306,-1.95,0
-6.386,2.36,1
-2.958,-3.772,0
-4.251,-6.55,0
-6.509,7.387,1
5.282,9.417,1
-0.074,-0.828,0
8.385,-3.46,0
-9.348,-9.05,0
-8.66,-9.263,0
-1.935,-2.142,0
-8.394,8.605,1
-4.745,4.614,1
9.721,-3.015,0
-5.821,9.361,1
-6.038,-1.425,1
1.473,-4.464,0
-0.04,-1.473,0
1.609,-5.769,0
-2.465,7.713,1
6.535,-2.777,0
-7.228,3.159,1
-1.432,-2.219,0
3.795,8.035,1
7.365,2.848,0
-2.609,-0.235,1
1.355,-7.357,0
-8.617,8.038,1
-6.594,0.936,1
-8.617,-4.299,1
4.558,7.559,1
-4.239,-8.911,0
4.475,-3.718,0
-8.672,0.737,1
7.251,-3.204,0
6.711,-0.465,0
-8.221,-4.714,1
-9.525,-7.398,0
-8.874,-9.263,0
7.073,-6.847,0
-5.306,9.059,1
0.965,1.508,0
-1.475,-0.221,0
5.911,-2.314,0
-0.222,4.168,1
0.013,-7.175,0
9.782,-4.477,0
-6.997,3.118,1
6.614,-0.419,0
-8.965,5.402,1
-0.447,7.942,1
7.727,6.467,0
3.304,-6.316,0
3.704,-8.171,0
-4.734,-6.611,0
-1.629,5.671,1
-2.668,8.277,1
0.429,8.509,1
-0.755,-4.036,0
-3.462,6.807,1
-3.89,0.725,1
-4.983,6.456,1
-2.699,0.967,1
-7.001,-7.082,0
7.442,-8.416,0
2.042,9.144,1
-7.324,-1.484,1
3.877,-2.99,0
6.953,-2.874,0
-5.249,-2.421,1
-6.988,8.9,1
-9.828,-8.746,0
-9.055,-7.619,0
5.245,5.793,1
9.744,0.988,0
-9.102,-7.429,0
4.961,-9.311,0
-8.563,-5.515,1
1.843,-4.784,0
5.122,-9.716,0
-2.816,-5.678,0
-9.781,4.766,1
1.904,7.109,1
9.825,7.965,0
-4.848,-2.202,1
-6.21,-3.612,1
-7.521,9.997,1
1.105,5.387,1
1.929,0.747,0
5.845,-4.905,0
5.061,-3.574,0
7.851,0.307,0
6.115,0.842,0
-5.055,-9.726,0
1.118,9.188,1
-4.052,1.512,1
-3.404,1.783,1
8.639,-5.771,0
3.638,5.3,1
9.492,4.745,0
-1.662,-8.097,0
0.749,1.9,1
-0.258,3.164,1
-7.854,6.711,1
-5.266,-5.878,0
0.553,7.553,1
-8.653,-0.77,1
8.629,-8.07,0
-7.523,-7.888,0
-6.04,-6.044,0
5.306,-4.345,0
-8.061,-0.072,1
8.006,4.975,0
4.514,-6.265,0
-8.628,9.853,1
3.837,-6.77,0
2.633,1.988,0
5.147,8.579,1
6.564,6.65,1
4.367,2.958,0
1.724,4.31,1
-3.551,-7.316,0
3.945,-9.807,0
9.139,-1.317,0
1.75,-8.21,0
3.287,-2.845,0
-1.257,-5.525,0
5.122,8.327,1
9.953,7.601,0
-6.792,6.379,1
-5.952,4.279,1
0.789,-6.919,0
-0.372,-9.033,0
1.431,3.078,1
-9.019,2.845,1
-1.914,-2.612,0
1.66,-0.546,0
1.704,-0.217,0
3.147,-5.201,0
4.404,-3.717,0
2.831,-1.632,0
5.805,2.064,0
2.495,9.116,1
0.75,0.77,0
2.124,4.623,1
-7.976,6.14,1
-4.537,-7.73,0
0.548,3.062,1
7.46,-0.358,0
3.581,1.449,0
-8.192,-9.232,0
1.845,8.124,1
-5.565,9.056,1
4.68,-9.93,0
6.549,-5.744,0
1.869,-6.396,0
1.827,5.626,1
-3.228,1.962,1
-1.075,-6.453,0
7.282,6.279,0
4.466,-2.931,0
0.395,-0.783,0
-2.635,-2.254,0
-8.992,0.428,1
-7.14,-0.397,1
-6.139,-4.508,0
-2.532,-1.509,0
8.883,8.167,1
0.103,0.058,0
-5.303,8.328,1
-7.885,1.003,1
-3.234,5.376,1
6.315,-4.128,0
-2.333,5.808,1
5.45,-4.714,0
6.054,-9.609,0
-7.784,-6.785,0
2.173,-9.567,0
9.182,8.941,1
-1.957,10.0,1
-8.981,5.245,1
8.466,-7.837,0
7.673,7.979,1
0.443,4.876,1
1.045,-3.355,0
-5.765,0.046,1
6.389,3.235,0
-0.028,-9.519,0
-9.322,0.031,1
3.66,4.648,1
9.01,-6.235,0
6.583,-1.124,0
-4.456,0.651,1
-8.933,4.711,1
8.807,9.289,1
8.741,6.966,0
0.648,2.43,1
2.846,1.673,0
-0.748,2.064,1
-1.605,0.904,1
-7.611,-8.813,0
-8.065,3.966,1
-5.345,4.327,1
6.733,0.25,0
-7.083,7.408,1
-5.466,3.449,1
0.972,-2.747,0
-5.697,-9.606,0
-6.736,-8.817,0
1.266,-2.964,0
-2.638,-0.758,1
2.523,-6.663,0
8.244,-6.213,0
-6.98,-5.396,0
8.269,5.61,0
8.05,5.426,0
6.582,-2.341,0
2.626,-6.553,0
2.403,-7.782,0
2.784,-8.257,0
3.81,-2.174,0
-9.67,-9.089,0
9.162,-3.327,0
1.712,9.231,1
5.629,0.15,0
-2.454,6.453,1
-9.752,-7.415,0
0.195,-4.638,0
0.144,8.931,1
-1.26,-2.329,0
-3.206,2.968,1
-5.003,9.523,1
0.551,1.016,0
-2.494,-3.893,0
9.399,0.639,0
-6.541,-8.907,0
-3.607,-7.753,0
-4.121,-9.857,0
0.866,7.684,1
-0.014,3.426,1
2.875,-4.033,0
9.0,-5.577,0
-4.296,3.662,1
3.855,8.391,1
-9.499,-4.017,1
-4.752,-3.569,0
-0.726,7.085,1
-9.38,7.868,1
2.353,8.281,1
3.566,-4.137,0
4.935,-7.594,0
0.331,-1.2,0
2.079,-4.085,0
-2.079,7.677,1
-9.175,-9.267,0
-8.001,2.678,1
3.1,8.124,1
9.911,9.533,1
-9.684,3.003,1
1.152,8.998,1
5.02,-8.487,0
6.535,-2.814,0
0.904,-9.826,0
2.398,9.624,1
3.934,8.055,1
7.179,-9.439,0
-7.554,-9.637,0
8.524,-2.661,0
-9.48,-4.829,1
6.724,6.939,1
-8.465,-6.79,0
-6.107,5.813,1
-9.922,1.089,1
-1.095,-2.452,0
-3.313,-7.086,0
-6.68,9.954,1
-0.978,2.36,1
-1.953,-1.212,0
5.353,-2.577,0
7.863,8.115,1
3.051,6.424,1
-7.512,6.224,1
-4.092,2.324,1
8.266,7.759,1
-8.225,-4.014,1
-1.863,4.074,1
8.85,-1.911,0
9.013,2.0,0
-1.776,9.963,1
3.348,9.69,1
-0.865,0.252,0
5.069,1.477,0
-9.368,7.946,1
-7.117,9.713,1
2.284,5.572,1
-5.349,-8.696,0
3.321,-3.547,0
-2.976,7.931,1
7.733,5.367,0
6.385,4.845,0
-0.143,3.358,1
5.458,-1.695,0
-4.577,-1.935,1
-0.115,6.179,1
-6.05,-4.124,0
7.218,3.697,0
6.461,4.524,0
8.043,6.891,0
7.55,-3.602,0
9.192,4.838,0
-5.433,-7.87,0
8.636,-7.239,0
1.424,-1.653,0
-1.55,-8.895,0
1.207,8.954,1
-3.148,8.038,1
-4.229,-9.021,0
-5.174,6.766,1
-8.351,0.177,1
-0.069,4.039,1
7.755,7.739,1
2.603,1.539,0
0.42,-7.673,0
-1.428,-9.948,0
-0.712,-0.062,0
-5.814,8.985,1
6.459,1.452,0
-6.032,-2.541,1
4.332,-9.382,0
5.2,8.3,1
1.497,-3.457,0
7.259,4.096,0
-4.179,3.885,1
7.632,-4.922,0
4.588,-8.724,0
5.975,-2.3,0
3.292,-3.657,0
6.927,4.005,0
9.862,6.396,0
-1.597,-5.551,0
6.278,0.565,0
4.892,-9.188,0
-0.943,-5.715,0
8.539,5.235,0
-2.111,5.868,1
1.309,5.528,1
-7.881,-7.152,0
-5.484,1.021,1
6.814,-1.546,0
-2.069,9.83,1
-2.118,3.081,1
-5.08,8.704,1
-0.168,-7.093,0
6.116,-0.983,0
7.903,5.432,0
-8.598,-2.643,1
1.496,2.65,1
-0.655,0.234,0
2.286,9.839,1
-1.054,-6.523,0
-2.027,8.707,1
-0.562,-1.969,0
1.64,-0.64,0
0.02,0.572,0
-0.557,-4.693,0
6.357,9.273,1
4.913,8.23,1
-3.172,9.458,1
6.012,9.938,1
7.073,3.396,0
-6.93,-0.966,1
1.654,7.015,1
-4.294,-9.524,0
4.783,6.688,1
-5.224,-0.054,1
3.428,3.464,0
-4.898,-2.519,1
0.223,-2.628,0
8.973,-9.366,0
-2.374,-1.524,0
7.515,-1.833,0
9.739,-5.504,0
7.497,-5.054,0
-6.683,1.683,1
6.393,-3.645,0
-9.357,6.605,1
-2.134,-7.772,0
7.415,1.553,0
3.775,-6.799,0
0.655,0.565,0
-2.243,1.051,1
6.246,2.846,0
4.191,-1.452,0
-0.632,0.189,0
7.85,-6.381,0
-5.401,-0.74,1
-6.592,-2.539,1
2.856,3.323,1
9.44,-1.304,0
-5.055,5.587,1
-5.007,-1.48,1
-7.21,-5.285,0
7.211,-4.526,0
-5.472,-9.094,0
0.064,0.798,0
9.817,6.618,0
-9.757,5.382,1
1.13,-1.244,0
0.246,-6.078,0
6.149,7.27,1
-2.894,-8.864,0
-1.793,-2.016,0
-6.641,7.132,1
4.816,-2.136,0
5.694,-7.642,0
-7.267,-4.681,1
-2.131,2.001,1
7.858,-6.959,0
-9.946,3.099,1
-4.025,-1.237,1
1.101,-3.312,0
-3.318,-5.181,0
-4.559,6.467,1
-0.799,-2.067,0
-6.37,4.77,1
0.593,-1.193,0
4.134,-8.163,0
1.506,-1.19,0
-8.138,0.154,1
6.888,-0.843,0
-6.5,6.325,1
5.296,8.217,1
-2.789,5.736,1
5.655,1.656,0
-5.875,0.829,1
-6.267,2.892,1
-0.059,-4.243,0
-9.341,6.237,1
-5.494,7.137,1
4.48,-4.656,0
6.748,8.056,1
-8.384,6.975,1
7.642,-1.51,0
5.95,8.18,1
7.394,-7.591,0
3.969,-9.44,0
3.483,-3.043,0
0.502,1.309,0
3.056,-2.971,0
8.382,8.841,1
-7.99,-4.906,1
-3.685,-4.376,0
-8.551,2.697,1
8.896,-9.923,0
-1.095,4.551,1
3.507,-2.451,0
6.822,9.555,1
9.82,3.828,0
-6.764,-8.956,0
5.99,-8.147,0
7.748,-8.237,0
-9.022,9.052,1
5.082,3.681,0
-2.905,-1.448,0
2.972,-5.99,0
0.281,7.473,1
-4.805,-5.969,0
-7.296,4.134,1
-7.661,5.266,1
-7.934,-4.107,1
2.756,0.098,0
-2.972,-5.54,0
-5.667,-2.421,1
3.838,9.303,1
3.737,3.863,0
0.783,6.932,1
8.699,0.812,0
-2.292,-5.219,0
6.717,4.258,0
-8.497,0.011,1
4.797,-6.463,0
9.769,-1.751,0
6.932,2.697,0
1.593,4.707,1
2.535,-5.136,0
-2.934,7.52,1
3.59,-2.409,0
5.408,-4.577,0
9.965,-6.098,0
-0.151,6.083,1
-8.774,-2.917,1
1.917,-0.332,0
-7.62,-5.544,0
-5.105,3.722,1
-3.424,5.621,1
4.621,-3.211,0
-6.324,8.902,1
-6.685,-9.388,0
-9.101,-7.341,0
7.465,1.776,0
3.87,4.028,0
-9.201,-4.986,1
-9.434,1.081,1
1.173,-3.632,0
-4.349,1.082,1
1.935,3.187,1
-1.308,9.456,1
8.466,-0.886,0
-4.244,2.964,1
3.583,1.561,0
-8.919,-3.649,1
9.117,-4.939,0
9.615,9.757,1
4.781,-5.863,0
-0.696,5.806,1
-5.6,-7.068,0
6.25,6.087,1
4.727,-6.285,0
-5.561,9.343,1
-0.976,3.72,1
-0.744,-8.198,0
6.528,3.864,0
3.677,2.072,0
2.863,-3.249,0
2.997,-4.785,0
-4.591,4.375,1
-2.566,4.827,1
-9.087,-3.456,1
5.739,7.525,1
-1.34,-4.623,0
-1.235,-8.603,0
-5.093,1.997,1
-5.811,-7.859,0
1.756,-4.467,0
-5.349,0.144,1
-8.716,-4.273,1
5.35,-5.7,0
-2.471,4.064,1
-2.395,0.94,1
-1.374,6.795,1
6.301,1.625,0
-3.583,-0.331,1
5.161,-4.775,0
8.791,5.841,0
3.217,-6.063,0
-1.366,-5.155,0
4.956,6.832,1
-0.842,4.824,1
-1.711,2.257,1
0.506,-9.222,0
-3.646,-7.455,0
-7.915,-0.001,1
-1.703,4.927,1
-7.523,-0.718,1
-1.791,-9.654,0
1.139,-6.315,0
8.614,1.775,0
-9.276,3.884,1
2.429,-9.331,0
-0.845,-9.133,0
-9.595,-4.774,1
-5.009,-8.33,0
-7.63,0.839,1
-5.664,-7.526,0
-4.509,2.964,1
-1.974,5.545,1
0.581,9.41,1
-9.98,8.968,1
-6.763,-4.533,0
-8.129,-9.412,0
0.993,-3.412,0
-3.419,4.17,1
0.968,-8.804,0
-5.564,-2.806,1
-9.515,-4.039,1
8.827,-5.613,0
-7.834,4.123,1
-7.463,3.182,1
-7.069,0.71,1
9.626,8.215,0
2.353,-7.937,0
2.206,-7.006,0
9.734,-2.331,0
-8.231,3.118,1
9.49,1.682,0
-5.92,-8.519,0
2.461,9.168,1
-1.598,-3.899,0
-2.321,-2.821,0
8.625,2.473,0
-7.015,8.903,1
9.941,3.254,0
-2.417,9.095,1
2.975,-6.248,0
9.358,2.376,0
-8.848,6.578,1
8.457,0.18,0
1.356,-2.757,0
4.088,9.695,1
-7.016,-7.18,0
0.668,-1.781,0
3.47,7.467,1
-0.875,8.01,1
-6.9,9.608,1
-5.118,7.697,1
7.088,-8.981,0
-9.311,8.595,1
4.177,-1.437,0
9.988,3.032,0
-9.85,-2.114,1
-6.779,6.273,1
3.483,1.518,0
-8.8,6.911,1
1.796,-6.125,0
3.68,-6.3,0
1.763,-1.192,0
-2.696,-9.905,0
3.946,3.857,0
1.886,-4.079,0
-5.847,1.146,1
1.263,-8.6,0
7.638,-6.587,0
3.337,2.457,0
-0.564,-3.887,0
-3.568,-5.706,0
-8.282,-5.423,1
-5.107,-5.704,0
-9.776,2.457,1
9.733,-6.646,0
-5.55,-2.746,1
6.298,3.758,0
-6.627,0.273,1
-4.328,1.946,1
-1.634,-4.982,0
-3.512,8.654,1
5.967,-1.722,0
9.154,-4.261,0
7.506,8.087,1
-6.928,3.106,1
5.534,2.279,0
-7.041,7.735,1
8.268,-8.829,0
0.358,6.754,1
-3.272,3.557,1
-6.859,-2.8,1
-9.764,-4.873,1
-5.041,-7.904,0
8.28,8.821,1
5.945,-7.162,0
9.396,-4.811,0
-7.985,3.822,1
1.844,4.203,1
-4.857,-6.785,0
0.859,6.283,1
-3.591,0.206,1
-4.331,6.969,1
1.477,-8.254,0
-6.334,-9.143,0
-0.617,2.74,1
3.016,-7.0,0
-7.436,0.499,1
8.612,-9.718,0
0.114,5.599,1
6.391,7.991,1
3.078,6.778,1
4.2,9.167,1
4.323,8.062,1
7.502,-1.12,0
2.272,-2.033,0
-4.436,7.924,1
-8.01,8.539,1
2.125,9.457,1
-8.673,5.366,1
-5.174,-5.96,0
-8.786,8.899,1
0.978,8.943,1
-6.793,3.323,1
2.208,7.146,1
5.817,1.224,0
6.438,8.883,1
-3.809,-8.121,0
0.979,7.279,1
1.26,-8.89,0
-0.542,-3.218,0
3.102,-7.293,0
-5.798,-0.417,1
9.585,-5.355,0
-8.038,9.041,1
6.584,1.186,0
1.882,7.955,1
-5.103,-4.439,0
4.914,-9.48,0
-8.31,5.513,1
5.488,4.048,0
1.8,0.91,0
-7.785,6.307,1
-8.41,6.802,1
5.017,1.758,0
-4.141,9.319,1
7.786,4.394,0
5.241,3.538,0
3.964,-2.772,0
-4.428,-9.955,0
4.179,-5.181,0
8.963,5.278,0
-8.169,4.197,1
-3.477,-3.38,0
-5.307,2.512,1
-2.135,-6.094,0
4.847,-4.727,0
-0.515,8.948,1
1.415,-1.736,0
-3.717,-5.1,0
-7.174,-0.258,1
-4.661,-2.26,1
7.194,4.591,0
2.048,9.242,1
-2.44,1.835,1
5.798,1.823,0
-8.711,-2.703,1
-4.922,1.293,1
-5.398,-3.613,0
9.707,-9.978,0
4.122,7.322,1
2.356,-1.411,0
-9.9,-0.158,1
-6.314,-8.33,0
2.711,6.742,1
-2.406,-6.593,0
8.486,-1.788,0
5.294,6.805,1
-1.052,-0.844,0
4.99,8.623,1
9.508,-5.814,0
-0.78,4.305,1
2.851,9.56,1
8.373,0.992,0
-5.027,3.844,1
7.731,-2.135,0
-8.049,5.027,1
2.969,8.177,1
5.657,4.061,0
2.292,8.719,1
-0.089,1.773,1
2.347,1.543,0
-6.967,-3.907,1
-5.689,4.193,1
-4.602,7.639,1
1.956,2.926,1
-1.162,-5.339,0
-5.11,0.882,1
7.656,5.119,0
-2.522,8.787,1
-1.079,-6.868,0
-1.806,-7.45,0
-6.361,-1.741,1
4.633,-7.488,0
-1.031,9.609,1
-9.675,-1.514,1
9.28,0.672,0
6.315,-5.458,0
4.471,-1.017,0
7.382,9.694,1
8.136,-0.226,0
-3.25,-9.824,0
2.219,-5.149,0
2.176,9.569,1
-4.654,9.781,1
-5.561,-5.79,0
-7.722,2.305,1
3.186,-8.462,0
5.618,1.549,0
5.219,-7.482,0
-3.674,6.373,1
-5.895,8.791,1
-0.928,-6.54,0
0.936,-0.746,0
8.382,-7.959,0
7.496,-3.217,0
8.321,-8.698,0
7.005,-4.709,0
9.292,9.804,1
-0.69,-9.108,0
-9.051,7.179,1
-8.329,-8.451,0
-2.194,0.58,1
-4.846,-0.958,1
-6.601,8.631,1
9.064,-6.019,0
-6.092,-6.406,0
9.188,4.974,0
5.217,4.514,0
2.819,3.984,1
3.52,-9.477,0
-3.371,-4.801,0
2.929,6.798,1
-6.266,2.017,1
8.754,2.044,0
-3.964,-4.082,0
-4.896,-4.797,0
4.223,8.931,1
3.129,4.555,1
-0.974,-7.463,0
2.649,8.754,1
-6.81,1.647,1
3.467,-3.333,0
-4.588,-2.057,1
-4.543,4.508,1
-6.756,-2.475,1
-3.352,1.575,1
-3.375,4.21,1
-0.916,-6.093,0
-6.192,8.885,1
-6.14,-2.877,1
0.835,-1.613,0
-7.422,3.97,1
3.778,2.176,0
8.879,-1.198,0
-1.464,2.995,1
8.022,8.057,1
-8.034,6.006,1
-9.141,6.485,1
4.427,-4.832,0
5.22,-1.612,0
6.861,1.076,0
-8.864,-9.116,0
5.538,5.396,0
-2.469,-3.531,0
-3.933,-4.348,0
-6.54,-4.814,0
9.92,-4.332,0
-8.727,-3.24,1
6.54,2.096,0
2.79,1.671,0
4.702,-4.886,0
4.234,-5.872,0
7.169,6.527,0
-6.324,-8.146,0
-9.984,0.256,1
1.971,0.411,0
-2.923,1.483,1
-7.524,7.713,1
-6.277,2.478,1
-3.365,9.473,1
-8.595,7.427,1
-8.862,-5.705,1
8.321,-5.176,0
-3.758,-3.105,0
9.645,-2.17,0
9.287,1.06,0
-7.149,-5.35,0
4.298,-5.553,0
2.016,-2.372,0
3.813,3.44,0
-8.076,3.763,1
-6.229,9.522,1
-8.467,-5.952,0
2.083,-2.143,0
9.732,9.294,1
3.44,3.8,1
4.215,1.846,0
9.692,0.793,0
3.56,-8.49,0
-9.196,7.867,1
7.34,2.51,0
-2.706,1.433,1
-9.913,0.79,1
0.145,-2.162,0
8.74,-4.907,0
-4.853,5.106,1
-0.17,0.191,0
-6.524,-9.321,0
-8.846,-2.018,1
-8.389,8.572,1
4.54,-2.522,0
7.281,-1.735,0
-7.134,2.479,1
-4.234,6.033,1
-6.099,3.369,1
-9.463,7.001,1
1.069,-7.721,0
3.998,8.492,1
2.958,8.078,1
-2.239,0.383,1
1.1,2.495,1
-8.118,-5.744,0
-6.914,-1.041,1
8.636,-5.946,0
5.23,-9.56,0
8.455,9.618,1
8.334,-4.817,0
2.988,1.862,0
8.565,-3.995,0
-1.666,-2.588,0
-9.928,-2.045,1
-8.749,-3.299,1
-7.81,2.748,1
-8.093,9.219,1
-2.966,-1.427,0
4.025,9.467,1
5.813,3.356,0
1.804,2.143,0
-7.071,-5.258,0
4.958,-8.742,0
-2.904,7.039,1
-9.74,1.48,1
-4.388,-1.712,1
-3.388,6.239,1
-4.515,-3.788,0
6.237,5.672,0
5.199,-3.441,0
3.911,8.418,1
-7.22,-4.641,1
6.157,-7.249,0
3.544,3.962,1
-6.103,-6.743,0
2.962,8.987,1
-0.33,3.111,1
-1.213,-5.383,0
-7.758,-5.824,0
0.366,8.478,1
-8.001,2.157,1
-6.715,7.875,1
-7.349,-7.795,0
9.082,8.508,1
-4.303,0.401,1
-2.896,3.368,1
-3.558,-2.542,0
7.965,-8.817,0
1.259,9.159,1
8.383,9.892,1
-4.002,-2.709,0
-7.703,8.877,1
1.124,-6.645,0
-3.089,-6.906,0
6.038,-8.538,0
7.588,-2.175,0
-0.549,-8.954,0
9.427,-2.107,0
1.06,-7.232,0
-4.582,4.611,1
-0.22,6.667,1
-9.254,3.756,1
6.08,-5.99,0
-7.971,5.337,1
-3.825,-5.01,0
1.306,5.19,1
-9.14,1.348,1
-8.414,-2.666,1
3.922,-8.33,0
-8.564,6.55,1
-0.458,8.793,1
-3.226,3.318,1
-5.438,9.291,1
-6.224,8.682,1
5.268,-6.108,0
9.031,4.624,0
-7.196,-3.014,1
9.194,-0.25,0
1.895,-6.861,0
2.833,9.496,1
4.199,4.523,1
4.082,-4.662,0
6.396,-2.571,0
-0.331,-1.55,0
0.667,4.951,1
-3.523,8.514,1
-7.895,-3.571,1
3.293,-0.55,0
-9.328,1.864,1
-4.487,-2.133,1
-8.115,0.084,1
-6.185,-7.886,0
2.775,-6.647,0
2.57,-1.978,0
-1.579,8.299,1
-8.197,-3.013,1
-1.333,-5.004,0
-2.945,4.857,1
4.409,8.983,1
1.581,-0.818,0
-0.169,-9.828,0
-0.26,3.763,1
9.326,-1.699,0
5.126,3.473,0
-0.06,-4.446,0
-0.416,-9.952,0
-9.47,-3.11,1
8.85,4.096,0
-3.617,-2.138,0
-4.881,-5.617,0
9.988,-0.72,0
4.374,5.047,1
-9.053,-7.611,0
-8.762,3.835,1
-9.49,3.347,1
1.992,-2.585,0
-8.569,9.407,1
8.668,7.894,0
8.738,-3.677,0
0.921,-9.378,0
2.333,-3.834,0
-4.162,-5.906,0
-8.721,0.945,1
4.749,8.375,1
-7.964,7.407,1
-8.289,-3.883,1
-3.776,-1.428,1
-9.751,-9.269,0
-1.319,0.883,1
4.154,-8.733,0
6.027,8.772,1
2.086,7.339,1
6.937,-5.716,0
-1.87,3.987,1
6.975,1.36,0
0.129,6.027,1
-5.539,-0.487,1
8.883,-6.165,0
-4.501,2.797,1
-9.476,-8.394,0
-5.147,1.692,1
-2.666,-5.746,0
-2.973,3.699,1
0.493,6.561,1
7.663,-7.81,0
-4.153,-1.995,1
0.415,4.67,1
-3.197,-6.726,0
6.435,1.33,0
-6.848,3.437,1
-7.93,-2.904,1
0.06,6.64,1
3.438,0.213,0
5.911,2.54,0
1.792,-7.183,0
5.477,-9.537,0
-2.146,-8.985,0
-9.343,8.078,1
-7.678,7.653,1
-9.226,6.152,1
-3.421,-6.008,0
-0.09,0.509,0
-2.874,5.922,1
1.212,3.493,1
-0.388,-7.69,0
3.559,7.911,1
3.339,-6.786,0
-3.639,-6.564,0
-3.076,8.02,1
1.703,-0.308,0
1.929,-2.542,0
-3.706,1.073,1
-3.394,9.628,1
3.881,-7.607,0
2.948,5.139,1
-7.299,-3.313,1
-1.179,-7.659,0
7.854,-1.561,0
-9.274,0.975,1
7.103,-5.881,0
-6.736,-1.895,1
0.145,2.714,1
-1.513,1.529,1
-9.797,4.463,1
8.308,6.728,0
-0.901,-1.817,0
9.085,-1.541,0
-4.265,-0.066,1
7.326,1.327,0
8.448,-7.834,0
1.137,-3.747,0
-5.946,-6.562,0
3.705,-2.283,0
0.98,9.467,1
8.891,1.655,0
-1.215,-1.412,0
-4.63,1.319,1
-7.234,3.382,1
3.973,-1.301,0
9.482,-1.046,0
-9.433,4.028,1
4.809,-8.783,0
8.539,0.802,0
-8.504,0.947,1
-7.797,5.135,1
3.839,9.653,1
2.959,5.915,1
-8.623,0.076,1
6.688,-6.611,0
0.468,1.765,1
8.144,6.686,0
7.56,8.648,1
6.25,6.506,1
0.318,-6.221,0
-4.966,4.252,1
0.12,7.603,1
-7.984,3.62,1
3.177,3.715,1
-7.32,0.003,1
0.223,2.74,1
-8.912,-4.112,1
-4.01,-8.224,0
-5.358,6.554,1
2.401,8.863,1
5.736,7.136,1
-8.854,-3.322,1
7.006,-8.129,0
7.215,-4.397,0
-3.155,6.857,1
3.18,3.116,0
-1.948,9.334,1
-6.916,-3.146,1
0.573,1.029,0
-8.273,5.801,1
7.569,-5.32,0
8.486,9.282,1
6.432,1.848,0
1.251,-9.842,0
1.152,-9.497,0
9.692,7.644,0
-5.042,2.906,1
-8.481,5.261,1
1.239,5.68,1
-3.424,-1.591,1
-3.553,5.972,1
-9.858,8.751,1
1.925,-6.557,0
-4.719,5.283,1
-6.243,-3.844,1
-9.191,-3.57,1
-2.713,-1.745,0
7.579,7.274,1
-3.267,-9.559,0
3.581,-1.321,0
5.131,3.601,0
-3.438,-7.792,0
6.433,5.845,0
3.838,8.838,1
1.185,-8.181,0
-9.98,-6.941,1
-9.298,9.482,1
9.817,-6.043,0
5.646,-8.421,0
8.751,9.044,1
8.046,7.852,1
-9.591,3.115,1
5.837,1.029,0
-0.977,8.385,1
5.791,3.11,0
-9.866,3.168,1
-4.236,6.874,1
5.026,3.065,0
5.86,0.074,0
2.394,-2.206,0
-3.975,0.063,1
-3.793,0.45,1
9.335,-2.783,0
-1.216,-1.038,0
-1.057,6.037,1
1.047,-1.67,0
-1.81,-9.489,0
1.053,-4.34,0
-1.353,-5.365,0
6.534,5.872,0
8.181,-1.014,0
8.642,-4.394,0
1.286,6.214,1
-1.157,-9.616,0
4.105,-6.515,0
6.766,6.539,1
1.26,1.013,0
4.0,5.473,1
4.995,6.764,1
3.528,8.839,1
4.923,-8.732,0
-5.827,5.985,1
-0.033,4.175,1
1.765,-5.859,0
-9.95,8.634,1
7.119,-1.916,0
2.2,7.752,1
-7.417,2.102,1
6.327,0.535,0
4.341,-6.81,0
5.166,8.287,1
-2.159,1.133,1
7.084,-9.878,0
-1.719,-9.634,0
1.41,5.553,1
-9.987,-6.761,1
2.897,1.975,0
4.364,3.622,0
1.342,-4.413,0
-0.069,1.386,1
6.199,-5.195,0
3.627,8.926,1
-4.439,7.203,1
9.181,-4.239,0
4.145,0.576,0
9.759,0.013,0
9.425,9.2,1
8.378,-2.119,0
5.107,1.245,0
2.189,8.574,1
-6.557,-6.744,0
0.867,1.01,0
5.308,-7.887,0
0.417,2.35,1
7.365,-2.686,0
-7.807,9.353,1
-2.381,-1.692,0
0.119,-7.276,0
-1.353,6.68,1
-7.828,6.417,1
-6.929,3.897,1
6.752,4.976,0
-0.312,-4.706,0
-9.026,2.841,1
-9.67,-9.24,0
-0.53,-6.062,0
-6.712,8.646,1
4.103,4.785,1
5.906,-5.387,0
-5.434,-7.772,0
1.844,8.978,1
-6.911,-7.756,0
-3.928,-4.859,0
7.776,-6.347,0
0.882,-9.851,0
7.718,-3.717,0
-5.495,9.484,1
-3.4,-3.162,0
-0.581,0.086,0
-0.398,4.919,1
9.953,1.022,0
-7.711,4.872,1
7.039,3.233,0
7.274,2.171,0
1.064,2.993,1
-3.119,5.983,1
0.385,4.204,1
-4.151,5.835,1
5.982,-7.088,0
-0.034,3.553,1
8.517,4.74,0
2.454,-4.001,0
0.286,7.492,1
4.221,-3.906,0
0.079,-5.123,0
8.09,7.342,0
-6.311,-5.06,0
9.467,-1.69,0
6.244,-2.642,0
7.215,7.961,1
-0.342,-0.895,0
6.744,3.886,0
-3.865,5.881,1
5.239,2.558,0
-7.191,8.874,1
-3.859,6.05,1
-1.085,-1.996,0
-3.554,9.016,1
-2.26,0.491,1
6.402,-9.548,0
-4.866,-4.8,0
4.906,2.435,0
-8.526,-6.864,0
5.315,1.681,0
5.84,-2.768,0
-1.966,0.688,1
4.45,-9.963,0
8.303,6.968,0
6.014,-2.761,0
-2.191,-7.197,0
-0.316,-1.242,0
5.587,-0.276,0
-4.148,2.748,1
6.078,0.491,0
-3.439,-9.13,0
6.12,7.43,1
-8.264,-0.87,1
-9.112,-8.46,0
9.954,5.457,0
7.389,3.203,0
7.657,2.989,0
9.026,-1.462,0
-1.234,-1.79,0
-4.263,0.727,1
-7.4,-8.988,0
0.024,-4.021,0
-5.599,9.758,1
8.711,3.244,0
-9.92,-1.621,1
-7.136,-5.553,0
-5.07,4.904,1
-6.021,-4.794,0
-5.484,-6.753,0
3.121,-6.91,0
-3.45,4.585,1
2.3,2.856,1
7.805,-8.604,0
2.051,-7.699,0
3.891,2.677,0
-2.69,1.422,1
-6.805,3.72,1
-3.588,-6.439,0
9.286,4.532,0
2.436,8.722,1
-4.45,2.021,1
-0.982,-6.077,0
6.71,3.591,0
3.369,-3.138,0
1.213,-9.014,0
7.703,-3.953,0
3.449,8.112,1
2.855,-1.777,0
-6.205,7.293,1
-7.872,0.173,1
9.303,0.34,0
1.977,-9.896,0
-1.686,2.742,1
1.78,-7.844,0
-8.764,-0.425,1
6.443,-4.794,0
-5.667,-2.152,1
6.091,0.742,0
0.688,-9.711,0
-4.469,-4.308,0
-9.396,9.792,1
6.317,-8.852,0
-6.471,-3.612,1
-8.964,-3.572,1
5.118,-2.412,0
-2.999,3.696,1
-2.213,-5.045,0
-5.059,-0.795,1
7.184,2.897,0
-4.053,-3.554,0
-5.796,8.975,1
-3.815,9.593,1
-5.937,-7.607,0
-3.647,-3.124,0
-8.341,-5.841,0
-6.829,-6.264,0
-1.659,-0.18,1
7.589,1.277,0
-8.854,-1.487,1
-5.747,-4.549,0
8.167,-4.428,0
7.8,9.843,1
3.589,8.474,1
-5.191,-8.482,0
-1.604,3.131,1
-5.776,-0.862,1
-7.428,3.776,1
-2.4,1.939,1
1.516,7.785,1
-2.801,-8.66,0
2.216,-3.008,0
-4.075,9.71,1
-3.083,-6.354,0
5.813,-7.453,0
7.566,4.579,0
-3.559,5.549,1
1.43,3.445,1
-4.437,5.524,1
-8.933,3.874,1
4.757,-7.285,0
-6.58,2.164,1
-1.486,5.538,1
-0.259,7.31,1
-6.311,-5.075,0
-8.109,-7.451,0
-3.04,5.622,1
9.046,-4.869,0
2.303,-9.361,0
-2.372,6.504,1
-9.222,0.12,1
2.005,-3.467,0
-8.155,-9.771,0
0.851,-9.293,0
5.039,5.852,1
-1.528,-0.206,1
-4.012,-7.006,0
-9.052,-2.83,1
-9.504,-6.694,0
-1.399,-7.742,0
7.667,-4.474,0
-5.119,0.99,1
1.481,-5.8,0
3.686,-3.127,0
-8.783,-0.441,1
-6.938,-1.599,1
-3.374,-7.427,0
3.402,-9.223,0
-1.219,-9.291,0
4.684,-2.996,0
7.352,4.376,0
5.167,-7.375,0
9.845,5.74,0
5.087,4.313,0
7.044,-9.921,0
6.647,-9.465,0
4.605,-6.099,0
6.036,-8.878,0
8.694,0.627,0
-0.496,-9.207,0
2.766,6.053,1
0.299,-0.141,0
7.021,4.559,0
-1.373,5.014,1
6.395,0.135,0
5.987,8.507,1
9.238,9.805,1
-5.022,-2.816,1
4.192,-7.483,0
5.138,-2.735,0
8.726,-5.533,0
8.138,0.62,0
1.471,-2.432,0
1.583,-0.391,0
-6.654,5.264,1
9.499,-4.52,0
-4.9,0.749,1
4.495,-3.297,0
5.916,5.699,0
-1.176,2.791,1
-5.776,-9.83,0
-6.221,3.201,1
7.13,-6.597,0
0.215,4.489,1
-8.197,1.347,1
4.34,-1.97,0
-4.997,3.881,1
7.528,7.132,1
-3.809,5.575,1
-5.995,0.908,1
-8.303,4.454,1
0.231,-1.722,0
-0.985,5.781,1
5.026,6.581,1
-0.708,-7.254,0
-3.124,-5.239,0
-4.767,-4.6,0
-4.437,-6.678,0
8.557,-2.149,0
-6.698,-6.139,0
9.764,1.911,0
-3.462,-7.968,0
-8.232,-4.602,1
-5.026,3.31,1
-8.832,-2.029,1
5.801,-1.571,0
0.251,5.959,1
-3.26,9.69,1
3.241,1.301,0
2.613,-8.419,0
8.797,-7.942,0
9.225,9.37,1
3.614,3.585,0
6.356,5.049,0
5.849,3.515,0
-0.174,-6.408,0
4.089,-1.033,0
-8.435,5.962,1
5.16,7.327,1
9.237,-5.253,0
-8.301,1.919,1
6.722,-6.858,0
8.66,9.166,1
-5.476,-4.956,0
0.496,4.533,1
8.557,-5.378,0
9.205,2.321,0
-7.442,3.185,1
-3.02,-3.431,0
3.963,6.377,1
-5.569,7.707,1
-3.505,7.101,1
-9.534,-3.384,1
-6.93,4.887,1
1.247,1.19,0
3.062,1.853,0
2.978,-0.451,0
5.567,2.005,0
-1.694,-7.287,0
-4.53,-1.823,1
-9.688,-6.447,1
-5.867,-4.398,0
-3.752,-7.444,0
-6.436,-5.75,0
-9.597,5.639,1
-6.851,0.997,1
3.322,-9.527,0
2.592,5.77,1
8.714,8.189,1
5.963,7.609,1
1.355,6.46,1
-7.249,9.844,1
1.281,1.728,0
-8.768,9.252,1
-1.382,8.977,1
-2.195,-3.735,0
-1.444,7.269,1
-4.403,5.849,1
3.717,5.516,1
6.819,7.926,1
5.37,-2.316,0
2.555,-1.999,0
0.767,2.801,1
-9.378,4.756,1
4.459,7.595,1
0.9,7.517,1
-4.585,4.427,1
-3.443,9.138,1
8.712,-6.427,0
2.487,9.007,1
-0.482,-8.716,0
2.418,1.112,0
-1.725,-8.196,0
-0.596,1.36,1
-4.194,-2.198,1
-1.203,-8.368,0
3.712,2.962,0
-9.201,4.624,1
5.901,-6.516,0
-4.34,3.889,1
3.651,-6.419,0
2.855,-7.252,0
3.053,-7.053,0
2.163,1.982,0
9.182,5.576,0
0.167,1.938,1
4.646,6.187,1
4.109,1.83,0
-5.275,5.946,1
-4.334,9.53,1
-1.52,-2.181,0
-4.446,-7.001,0
-2.665,-7.292,0
-2.181,1.95,1
2.077,0.942,0
-5.602,-6.315,0
6.086,7.642,1
-1.249,9.135,1
4.125,-4.936,0
-8.371,-5.862,0
-0.601,-5.722,0
-9.436,-2.252,1
3.518,7.065,1
-3.126,1.919,1
8.985,-8.649,0
-3.518,-0.54,1
1.276,-8.193,0
-4.852,-1.876,1
2.402,-1.93,0
-0.659,2.967,1
-2.587,0.989,1
-5.926,7.495,1
-7.77,-9.674,0
-7.602,5.48,1
9.981,-9.547,0
-1.754,-3.914,0
-9.961,7.593,1
9.059,3.808,0
-9.6,-6.56,1
-1.628,-0.184,1
4.35,4.438,0
8.292,8.747,1
4.258,2.686,0
-0.727,-9.506,0
9.489,-0.006,0
-9.214,-6.941,0
9.738,-9.044,0
6.988,1.97,0
8.579,5.538,0
-4.905,-9.279,0
-7.151,5.672,1
3.266,4.128,1
0.317,5.04,1
0.463,-5.105,0
8.492,-2.128,0
2.402,-7.605,0
-3.779,-5.222,0
-1.999,-3.944,0
-7.33,-3.611,1
-6.154,-6.499,0
-7.133,-6.226,0
6.206,8.029,1
4.097,5.678,1
0.607,-3.11,0
-2.513,8.953,1
3.37,-5.222,0
6.258,-1.864,0
7.625,6.271,0
0.94,-1.142,0
6.398,-5.307,0
0.226,-2.629,0
-0.509,0.014,0
7.309,2.413,0
-2.273,-1.888,0
-2.082,-1.374,0
-3.902,-4.721,0
0.374,0.707,0
0.897,-5.611,0
3.209,7.351,1
-1.39,4.947,1
-5.643,-1.794,1
7.337,4.945,0
-3.08,-9.86,0
8.459,-3.11,0
-5.853,-1.194,1
1.201,-0.604,0
0.732,4.975,1
6.573,9.256,1
-7.223,-2.4,1
8.199,-2.988,0
0.629,2.21,1
1.722,-4.375,0
0.203,-7.173,0
-9.28,9.231,1
-0.058,6.191,1
-4.729,9.17,1
-3.146,-5.643,0
2.982,-9.644,0
-0.046,-1.255,0
-8.136,8.672,1
-8.539,-7.233,0
-6.287,-7.656,0
-6.182,-8.621,0
2.166,5.3,1
-6.444,5.719,1
7.634,3.908,0
-5.805,-8.934,0
-8.177,4.466,1
7.515,-1.027,0
-4.093,-6.842,0
-1.492,-4.097,0
9.181,0.023,0
8.887,-3.407,0
4.298,9.395,1
-8.621,-0.505,1
1.867,-2.557,0
9.782,3.463,0
8.938,3.011,0
-7.88,-9.951,0
-2.081,2.369,1
-3.689,-5.125,0
-7.405,-2.495,1
3.896,4.127,1
-4.523,1.148,1
-3.103,-2.627,0
-8.193,-6.652,0
-0.041,0.11,0
-6.837,-3.613,1
-1.358,8.259,1
-7.133,0.687,1
9.077,7.319,0
-7.1,-2.196,1
0.438,6.549,1
-6.06,-8.869,0
-8.473,-4.038,1
-5.954,-8.436,0
-8.905,-9.367,0
-7.212,8.377,1
-0.13,4.337,1
3.036,2.502,0
-8.253,0.65,1
-1.18,1.391,1
1.625,2.774,1
-5.315,6.532,1
-2.558,1.938,1
-8.563,4.972,1
-5.597,-4.38,0
-0.665,9.535,1
9.809,-9.362,0
9.925,-2.268,0
9.592,7.641,0
-1.538,-6.39,0
-8.386,-7.173,0
-3.529,-2.691,0
-5.246,-1.436,1
-9.717,8.668,1
-8.095,6.722,1
-0.936,-0.718,0
-3.207,9.46,1
-6.393,2.846,1
4.322,7.473,1
-2.858,-5.079,0
7.037,-0.221,0
-5.18,-9.406,0
0.768,-9.822,0
-6.317,4.109,1
-0.094,-7.634,0
-6.951,0.956,1
-6.768,3.92,1
2.244,-9.355,0
-4.724,-1.025,1
-6.553,3.683,1
8.595,7.795,0
-9.14,-4.015,1
1.303,9.484,1
0.965,6.891,1
-4.988,3.013,1
-0.945,-2.161,0
-8.245,4.222,1
4.425,6.324,1
-5.566,-3.934,0
-6.132,9.857,1
-3.702,8.172,1
8.047,-0.29,0
5.929,4.457,0
8.938,0.48,0
3.039,5.219,1
3.258,6.54,1
-0.399,-9.536,0
8.104,-8.417,0
0.218,-3.271,0
-2.899,8.352,1
2.808,-2.035,0
0.923,7.75,1
-7.52,-0.751,1
-2.145,-4.223,0
-3.733,8.013,1
6.937,1.213,0
-2.423,-2.79,0
6.431,-9.112,0
-1.152,-7.781,0
5.07,-7.214,0
-7.294,-2.703,1
8.493,2.147,0
-0.389,-3.848,0
-4.804,-8.689,0
-5.17,-4.704,0
-4.698,-1.826,1
-2.666,9.845,1
4.35,-2.14,0
8.992,-8.216,0
3.381,1.622,0
0.943,8.393,1
-1.028,5.734,1
6.564,6.724,1
6.993,8.565,1
-4.139,2.731,1
9.068,9.898,1
-2.098,-9.334,0
6.002,6.697,1
9.336,7.14,0
4.073,8.334,1
-6.769,-0.437,1
1.723,5.755,1
-7.624,-6.098,0
5.783,2.063,0
-4.374,-2.827,0
3.904,1.923,0
8.202,3.511,0
-6.38,-3.059,1
-2.143,-5.675,0
2.942,-3.566,0
-1.607,3.279,1
-6.504,3.537,1
-9.419,4.826,1
-1.868,-7.469,0
2.984,6.37,1
1.48,3.763,1
-6.875,-9.39,0
-0.986,-3.288,0
-2.611,-0.666,1
-4.516,-2.788,0
4.585,-7.652,0
-3.807,-5.853,0
0.803,-9.509,0
8.464,-8.138,0
0.786,-4.674,0
2.34,6.399,1
-8.535,0.533,1
-6.437,-1.51,1
-7.981,3.243,1
5.296,0.83,0
6.718,-7.37,0
-6.271,-5.548,0
-5.615,-5.55,0
-3.536,1.999,1
1.822,-0.768,0
2.436,-2.248,0
3.735,1.133,0
8.104,9.402,1
-4.099,-3.716,0
3.175,0.404,0
1.194,-0.393,0
-3.883,4.333,1
8.148,4.606,0
-8.09,4.581,1
4.24,-5.97,0
4.557,-1.018,0
8.307,6.223,0
0.372,-2.369,0
-3.568,9.685,1
6.555,-2.704,0
5.416,-0.047,0
0.006,-0.509,0
5.357,-1.327,0
-4.642,6.913,1
1.79,-6.894,0
7.304,1.353,0
-3.64,2.372,1
-0.329,7.024,1
9.021,2.184,0
5.964,9.2,1
7.741,7.443,1
-2.295,-3.025,0
9.93,7.198,0
-6.949,9.17,1
0.375,-4.856,0
-0.415,2.204,1
5.969,-4.364,0
8.172,2.991,0
4.623,-8.127,0
2.536,4.684,1
-1.451,-1.604,0
0.207,1.746,1
0.186,-9.483,0
-9.593,3.909,1
0.061,-0.08,0
7.119,2.505,0
4.185,-3.687,0
5.914,-7.084,0
-2.19,-1.291,0
0.579,8.88,1
-9.33,-5.444,1
-2.34,3.517,1
-0.512,-9.003,0
-4.896,4.362,1
-9.375,-5.231,1
3.808,-0.97,0
-1.298,-2.645,0
-1.686,-7.743,0
-5.0,-3.088,0
0.757,-2.998,0
-1.239,0.442,1
-0.52,9.447,1
1.617,-0.6,0
-9.874,8.289,1
8.154,-0.769,0
-8.578,-7.849,0
-0.982,-5.397,0
-5.853,-1.85,1
0.476,-3.493,0
-4.395,7.317,1
7.2,3.573,0
-2.073,1.566,1
2.775,-0.175,0
-5.022,-2.055,1
-9.612,2.244,1
-1.917,-7.508,0
0.73,-6.749,0
-0.809,-3.938,0
9.24,-6.576,0
4.137,3.542,0
9.913,-9.505,0
-4.099,-6.796,0
5.781,8.052,1
1.111,9.951,1
2.235,-0.248,0
9.717,-0.093,0
3.08,5.468,1
7.976,-9.276,0
4.515,-1.46,0
-7.452,-8.003,0
3.988,-1.981,0
-0.314,9.676,1
8.376,5.073,0
6.137,9.701,1
-7.917,4.921,1
-7.322,2.162,1
-8.608,5.084,1
-0.135,3.182,1
-8.385,-0.719,1
4.474,-4.149,0
1.047,0.404,0
6.718,-4.83,0
-4.404,-0.266,1
0.383,-7.077,0
-7.65,1.308,1
7.692,-5.094,0
-6.5,-4.128,1
-7.953,-0.019,1
-5.899,-6.749,0
6.125,9.248,1
-7.884,-1.061,1
2.289,-2.954,0
4.924,-9.416,0
5.022,6.865,1
-6.199,2.517,1
-8.768,-1.672,1
-1.024,-5.089,0
-5.95,4.903,1
3.985,8.909,1
-2.866,-2.384,0
-1.013,-7.302,0
-7.73,-7.816,0
1.351,-9.873,0
-6.29,4.879,1
3.58,9.628,1
-8.577,9.856,1
9.518,5.684,0
3.691,-6.756,0
-6.365,9.554,1
-9.718,-3.444,1
-3.311,-3.328,0
-6.944,3.747,1
-5.632,-9.019,0
7.455,6.515,0
2.064,9.946,1
-6.471,5.501,1
1.133,5.634,1
-4.884,-2.194,1
9.524,-8.682,0
-9.345,5.853,1
4.646,1.943,0
5.46,8.187,1
-8.657,-7.681,0
-6.563,-3.898,1
-2.314,-2.787,0
7.363,3.666,0
0.74,5.755,1
3.106,9.22,1
5.66,-4.092,0
6.562,-0.127,0
-0.474,-9.421,0
0.176,-4.94,0
4.36,-2.52,0
-4.733,1.876,1
7.09,-0.583,0
-9.584,-2.71,1
-6.085,2.482,1
6.004,6.572,1
-3.195,-5.166,0
-7.003,-3.142,1
-6.265,4.098,1
0.615,5.559,1
6.924,6.508,0
-8.587,-5.813,1
-9.39,0.785,1
-0.697,8.0,1
9.124,-2.161,0
-4.42,-1.402,1
9.183,9.696,1
7.754,-7.739,0
-4.337,4.112,1
6.339,7.004,1
3.717,-6.984,0
0.236,4.289,1
-1.542,-0.605,0
6.31,7.058,1
5.862,8.149,1
5.139,7.45,1
9.965,-8.712,0
-0.43,5.137,1
6.138,8.431,1
7.25,2.427,0
-5.768,2.018,1
-9.159,-9.1,0
-1.905,7.121,1
7.135,-9.072,0
-4.218,-3.73,0
4.0,8.517,1
-9.853,8.995,1
-2.893,9.838,1
2.31,-0.472,0
-7.405,-6.451,0
7.932,-0.241,0
-6.875,-7.954,0
8.196,7.451,0
-5.672,1.211,1
9.886,-1.91,0
2.095,-8.409,0
-8.313,-1.895,1
-8.694,7.324,1
-8.502,4.068,1
1.798,-8.351,0
6.192,-6.802,0
-1.941,-2.154,0
-1.103,-7.972,0
1.786,8.681,1
0.661,3.046,1
3.761,-8.104,0
-0.564,5.761,1
4.277,-2.632,0
9.946,-5.103,0
-2.994,1.4,1
-9.756,-9.733,0
-7.487,-0.692,1
1.07,6.876,1
-3.115,8.561,1
8.8,-3.149,0
2.549,2.849,0
0.407,-5.464,0
5.961,1.204,0
-4.828,-4.919,0
6.395,1.427,0
-9.939,-6.566,1
2.394,8.825,1
8.695,7.738,0
5.757,-3.262,0
7.073,5.533,0
-2.061,-8.09,0
6.485,4.807,0
1.017,-4.351,0
2.371,-7.287,0
-8.822,3.564,1
-5.969,-0.604,1
1.019,0.603,0
-8.824,0.411,1
4.829,-8.811,0
6.801,-8.972,0
8.407,2.023,0
-7.965,2.477,1
8.794,-9.057,0
-8.648,-2.431,1
-0.519,2.257,1
6.805,3.134,0
-8.594,6.566,1
-9.635,-1.585,1
-9.501,0.965,1
0.225,1.571,1
6.232,-3.759,0
-7.451,-8.923,0
-7.508,-9.915,0
1.371,6.723,1
-5.314,-5.995,0
4.604,2.605,0
8.993,1.541,0
5.321,-2.007,0
7.544,6.67,0
0.392,3.968,1
6.646,-9.545,0
-6.342,5.534,1
-8.633,0.14,1
3.119,-3.06,0
-8.961,4.538,1
7.85,3.721,0
3.831,-3.788,0
9.044,9.661,1
-3.722,2.974,1
-0.277,2.116,1
4.834,-8.602,0
-5.144,-4.414,0
0.837,-1.061,0
3.189,2.613,0
9.576,0.255,0
4.894,5.261,1
-7.637,-4.749,1
-0.493,4.043,1
1.775,6.332,1
-7.068,5.301,1
-1.361,5.417,1
-4.32,7.77,1
-7.623,-8.316,0
0.241,3.944,1
-6.687,9.374,1
1.811,1.473,0
-6.606,-5.654,0
4.472,9.975,1
-6.095,-6.506,0
7.926,-3.289,0
-9.476,-6.559,1
0.44,-0.71,0
-3.598,-1.622,1
-5.498,-0.175,1
-0.568,8.56,1
6.84,-0.434,0
8.306,0.293,0
-3.935,7.734,1
-6.915,6.355,1
4.403,-5.206,0
1.64,-9.741,0
-5.98,2.59,1
5.206,6.897,1
0.379,1.057,0
3.068,-5.776,0
-2.813,4.827,1
-1.218,3.391,1
-6.393,1.301,1
5.13,7.267,1
-6.86,5.685,1
5.566,3.359,0
5.96,3.295,0
4.932,3.244,0
-9.612,0.503,1
-4.537,-0.722,1
-0.633,4.192,1
1.911,2.21,0
8.384,-0.2,0
-2.488,-7.467,0
7.5,4.039,0
-6.731,2.92,1
-2.574,-3.155,0
-8.954,-2.874,1
4.85,-5.066,0
-6.987,9.238,1
-4.86,7.204,1
5.505,1.221,0
0.694,-1.967,0
-9.721,4.737,1
-9.955,0.555,1
0.213,9.517,1
-3.901,-8.898,0
-6.394,-9.314,0
2.272,1.372,0
-5.431,-5.934,0
1.844,2.086,0
-2.415,5.628,1
-6.265,-7.238,0
-7.238,-1.188,1
-5.263,3.773,1
-9.403,6.677,1
-3.837,-0.073,1
8.039,-5.877,0
6.627,1.716,0
-2.56,-0.91,1
1.517,5.439,1
1.347,1.112,0
6.575,-4.412,0
-5.274,5.088,1
-4.072,0.355,1
-3.964,-6.449,0
-9.183,1.261,1
-3.706,8.966,1
7.558,4.11,0
8.24,-4.024,0
-7.807,4.217,1
-0.839,-4.348,0
-2.373,0.854,1
-0.213,0.532,0
1.094,-5.052,0
-9.595,-3.042,1
6.845,8.844,1
9.473,-4.988,0
3.068,6.021,1
3.209,3.347,0
0.56,0.653,0
-3.315,-7.25,0
-7.02,-5.909,0
1.681,-6.42,0
-9.101,1.736,1
6.49,9.468,1
-1.582,7.545,1
-1.705,-9.495,0
-3.457,-4.525,0
9.387,-6.855,0
-6.502,9.514,1
-6.974,-5.288,0
-6.689,-5.974,0
3.171,2.418,0
9.838,1.124,0
-5.29,-5.483,0
8.112,3.407,0
-4.428,-8.06,0
2.958,-9.613,0
-9.19,-8.352,0
-0.087,-2.703,0
3.091,9.5,1
0.726,0.945,0
-5.243,5.095,1
6.57,-3.57,0
9.403,4.387,0
-0.816,9.324,1
2.718,-2.845,0
5.808,9.981,1
-5.17,2.768,1
7.289,4.972,0
-4.396,-4.957,0
5.517,2.862,0
-7.758,0.22,1
-4.232,9.128,1
0.672,8.094,1
0.498,-2.067,0
7.009,8.937,1
9.923,7.696,0
-7.856,1.808,1
-4.572,-8.358,0
-2.848,-6.784,0
-0.422,-8.463,0
-0.122,-7.84,0
7.124,9.539,1
5.411,-5.757,0
-9.623,3.817,1
-0.9,2.731,1
2.361,2.623,0
-0.792,-5.866,0
-7.387,1.587,1
-2.051,2.511,1
-1.767,1.408,1
-6.246,-6.277,0
5.126,4.461,0
-3.572,-8.535,0
1.78,1.824,0
0.315,-1.275,0
7.549,-4.994,0
-7.56,6.148,1
-7.715,-6.482,0
-3.994,8.66,1
-1.376,7.691,1
-4.029,-2.788,0
5.264,-3.897,0
-5.095,-7.25,0
-8.305,8.327,1
-1.724,2.551,1
5.468,-9.364,0
7.011,0.22,0
4.667,-8.284,0
1.158,1.475,0
4.484,0.179,0
3.628,-8.343,0
-5.313,6.317,1
1.015,-4.754,0
5.412,0.83,0
-3.658,2.781,1
3.079,9.246,1
-0.37,-0.124,0
0.063,8.346,1
-8.199,-2.903,1
3.324,7.149,1
7.314,-5.283,0
-7.171,4.15,1
-2.678,-8.228,0
-9.027,9.721,1
-9.407,9.079,1
9.793,-1.156,0
-0.131,0.479,0
-2.89,1.955,1
-4.502,-4.499,0
9.6,3.489,0
-4.955,3.971,1
4.514,0.502,0
-4.325,-7.045,0
-8.59,8.384,1
3.666,-7.699,0
-9.967,2.583,1
3.515,-7.938,0
-4.992,-7.078,0
4.922,-9.589,0
5.395,-2.733,0
4.482,2.792,0
-9.51,0.431,1
4.075,3.491,0
9.803,3.5,0
-5.147,-7.197,0
-4.515,-8.853,0
6.271,2.507,0
-6.792,3.064,1
3.212,1.134,0
5.101,-5.085,0
-9.257,6.215,1
1.075,-8.486,0
1.518,2.646,1
-3.931,-7.592,0
7.527,3.089,0
-6.745,-1.645,1
-2.716,4.362,1
6.973,-8.956,0
-6.187,1.102,1
6.427,-7.102,0
-8.419,3.648,1
-0.215,-7.601,0
-8.493,-8.528,0
3.558,4.262,1
5.812,-8.729,0
6.997,-5.509,0
9.625,6.495,0
3.44,6.194,1
5.381,7.083,1
0.115,-3.478,0
8.255,0.561,0
2.875,5.467,1
7.671,-7.26,0
-5.291,4.488,1
-0.065,-8.05,0
4.596,8.265,1
-5.946,2.746,1
-5.773,-0.134,1
9.561,-0.305,0
-1.308,-6.373,0
-6.364,-3.082,1
-3.371,4.542,1
-2.052,0.819,1
2.462,0.586,0
8.46,-6.095,0
9.732,3.807,0
3.034,-2.159,0
3.998,-6.345,0
-3.563,8.876,1
7.143,0.136,0
-5.644,0.561,1
-7.872,9.627,1
9.465,-2.672,0
7.283,8.86,1
-3.927,3.899,1
3.503,2.662,0
-0.66,-5.312,0
-3.537,-8.965,0
-4.265,-1.244,1
-7.279,-9.797,0
0.986,-8.58,0
-1.068,1.907,1
0.244,4.489,1
-5.693,-6.641,0
8.772,4.65,0
2.772,8.995,1
7.992,4.864,0
-7.815,5.694,1
2.457,4.014,1
6.989,-5.505,0
-3.382,-2.782,0
-6.097,8.985,1
-4.7,3.224,1
-4.541,5.78,1
-1.056,9.374,1
-3.481,-5.371,0
-4.575,-3.566,0
2.97,2.896,0
-8.939,-9.513,0
-3.193,1.424,1
3.795,6.174,1
-6.483,2.209,1
-5.581,-4.092,0
-5.987,4.482,1
-9.981,-7.079,0
-0.525,7.895,1
-9.221,-7.982,0
-4.541,7.27,1
9.896,-0.044,0
8.368,-1.427,0
-5.698,0.013,1
-3.8,-5.996,0
-0.726,-0.846,0
6.888,6.994,1
6.053,6.019,1
-7.475,-6.739,0
-7.511,3.468,1
-1.665,7.137,1
7.402,6.395,0
7.642,-1.487,0
-7.853,-9.038,0
1.486,8.623,1
-6.886,-2.082,1
3.723,-2.78,0
8.329,5.19,0
-0.905,-4.721,0
-8.338,6.695,1
1.585,-8.479,0
-1.83,4.814,1
6.218,9.316,1
-3.193,9.915,1
7.498,8.476,1
-4.526,7.415,1
-6.85,-4.422,1
-3.87,9.333,1
-9.302,8.558,1
-4.375,0.687,1
3.202,-1.958,0
-7.154,-7.815,0
-7.773,1.813,1
-7.352,4.011,1
-8.449,-1.92,1
7.493,-1.879,0
8.882,1.466,0
-9.069,-9.444,0
5.201,9.157,1
4.743,-4.202,0
9.938,-7.182,0
-3.043,-9.89,0
-4.29,7.138,1
-0.938,7.264,1
7.132,-8.094,0
4.572,-6.955,0
-0.568,-1.042,0
-5.109,-6.286,0
4.54,4.716,1
7.091,-8.839,0
-2.001,0.994,1
3.372,-2.344,0
-1.996,-0.701,0
-0.43,-1.505,0
0.498,-6.937,0
5.515,-5.594,0
9.55,-8.704,0
-1.113,-7.694,0
-3.154,9.558,1
-2.528,-4.404,0
-7.322,-3.859,1
-4.061,-7.458,0
-8.271,5.103,1
-1.442,8.483,1
-6.653,5.795,1
-3.072,2.252,1
5.872,6.265,1
-5.081,-1.915,1
2.238,7.19,1
8.024,5.97,0
1.339,-9.966,0
-6.124,-0.244,1
-3.105,-4.708,0
1.807,-8.275,0
0.132,6.924,1
-7.028,-9.841,0
-1.064,4.603,1
0.861,9.764,1
-4.653,-0.36,1
2.249,-2.575,0
-8.597,2.117,1
-3.268,6.094,1
6.086,-5.195,0
-4.814,-4.986,0
2.104,2.144,0
-1.799,8.798,1
-3.671,-4.031,0
8.323,-2.465,0
-3.135,9.867,1
-5.266,-6.476,0
8.186,-8.461,0
4.919,1.795,0
3.636,-9.515,0
-9.009,-6.391,0
-7.376,2.444,1
2.767,3.19,0
-5.811,0.209,1
-5.487,-2.325,1
5.583,1.524,0
-4.282,2.868,1
-8.568,6.07,1
-9.271,5.855,1
-1.136,3.296,1
2.343,7.885,1
7.378,6.761,0
-7.784,-7.335,0
-6.067,9.134,1
0.596,7.835,1
-2.718,-3.581,0
-0.349,-9.596,0
8.482,2.08,0
0.898,-1.232,0
-1.698,4.991,1
9.789,0.492,0
-8.696,-8.47,0
8.642,-5.106,0
0.033,7.65,1
0.075,-9.246,0
8.439,4.733,0
0.146,-4.161,0
-1.232,-0.947,0
-4.55,0.62,1
3.176,-4.998,0
1.393,3.039,1
-5.713,3.869,1
4.188,-8.299,0
2.882,-2.521,0
-2.053,4.888,1
-9.912,4.433,1
-1.068,0.892,1
-9.879,5.553,1
-8.5,-7.847,0
-1.388,-7.636,0
-8.362,3.15,1
-4.487,3.867,1
3.11,6.291,1
-3.828,-6.379,0
9.953,0.335,0
8.326,3.217,0
1.706,-5.526,0
9.339,0.339,0
7.36,2.769,0
-3.622,-5.711,0
4.992,-2.489,0
-7.263,-5.673,0
3.691,8.059,1
-0.178,-5.264,0
-9.663,-7.583,0
-4.515,-9.297,0
9.108,-9.101,0
-3.683,-6.168,0
-6.371,2.164,1
-6.249,-9.647,0
-0.416,-4.265,0
6.853,-8.837,0
5.16,-1.927,0
-1.263,-9.028,0
-5.825,2.151,1
-9.079,3.768,1
-0.747,4.627,1
6.296,-5.513,0
4.594,7.37,1
-1.828,3.806,1
1.894,-8.867,0
-1.275,-1.185,0
1.58,5.355,1
0.35,-3.782,0
3.619,-2.369,0
0.154,2.592,1
8.812,-8.89,0
-1.439,9.339,1
-9.682,-6.51,1
-5.273,-9.467,0
0.012,-9.894,0
0.811,-2.009,0
1.048,7.685,1
4.291,6.395,1
-4.507,8.241,1
3.298,0.676,0
4.081,-1.025,0
-1.774,-2.283,0
-1.957,-9.072,0
-6.422,8.19,1
-1.72,-0.076,1
5.736,-0.899,0
8.179,0.303,0
1.872,5.883,1
-4.013,-5.511,0
3.646,4.198,1
4.803,4.215,0
-3.356,6.991,1
6.531,-9.826,0
-8.526,-6.592,0
-9.785,-0.579,1
-7.541,7.011,1
-6.88,9.302,1
7.579,1.897,0
-1.5,-5.757,0
-4.501,-6.308,0
-1.418,2.789,1
-2.103,-5.799,0
-3.971,1.062,1
-7.242,6.696,1
3.118,-2.204,0
-7.268,-2.431,1
5.508,-9.277,0
-5.966,-4.918,0
4.627,3.964,0
6.112,-2.792,0
-7.493,-6.834,0
-8.265,-7.885,0
8.991,-8.099,0
-0.739,3.183,1
2.605,2.252,0
-9.535,0.37,1
-4.426,0.007,1
0.108,-6.937,0
7.724,0.012,0
-4.571,-8.801,0
5.504,8.517,1
3.244,-8.839,0
-7.695,-1.529,1
-4.132,-9.989,0
-5.243,5.723,1
-1.149,-6.677,0
2.707,8.498,1
-1.332,-9.12,0
-5.109,6.416,1
3.918,3.133,0
1.689,-5.005,0
0.386,-5.952,0
1.088,-2.846,0
-5.562,6.568,1
3.609,7.239,1
-2.25,-6.494,0
-2.731,-2.931,0
-7.005,-5.25,0
1.937,-7.547,0
2.053,2.929,1
-3.194,-3.083,0
7.197,-5.492,0
6.909,7.32,1
-7.819,4.966,1
3.901,5.475,1
-2.123,-9.216,0
9.994,8.303,0
-5.5,1.495,1
-4.39,0.076,1
-1.158,-9.788,0
-4.626,7.953,1
3.84,0.878,0
-0.382,6.503,1
-5.582,3.11,1
0.127,5.934,1
7.776,3.859,0
5.848,8.419,1
-0.023,-5.49,0
-4.23,-5.958,0
-6.402,4.251,1
7.568,0.028,0
4.203,1.983,0
1.443,4.171,1
7.589,0.949,0
-7.566,5.754,1
3.65,-3.623,0
-5.666,7.18,1
-7.588,-7.846,0
-0.688,2.68,1
-2.252,7.803,1
8.823,-4.946,0
-3.52,-3.463,0
6.298,-3.891,0
4.977,1.285,0
3.358,-1.743,0
8.408,-7.841,0
-1.842,7.826,1
-2.207,-5.906,0
-6.781,0.682,1
-4.485,1.896,1
7.596,-9.185,0
-0.512,-8.086,0
-3.173,9.434,1
-5.678,3.29,1
-0.301,-9.329,0
4.333,5.884,1
-4.266,0.171,1
5.154,-8.496,0
2.596,3.615,1
5.751,-0.013,0
-4.982,-5.902,0
2.621,7.554,1
-6.925,-4.172,1
-2.724,-4.309,0
4.487,-4.545,0
2.633,5.349,1
-6.243,4.122,1
7.167,8.063,1
-8.933,-5.413,1
1.904,5.727,1
9.676,1.461,0
0.63,-3.826,0
6.013,-9.291,0
1.904,6.379,1
5.662,-5.179,0
3.112,2.635,0
3.823,0.977,0
-5.444,-9.911,0
4.836,9.887,1
-5.242,6.287,1
9.613,-0.271,0
-5.444,3.607,1
-5.266,-0.468,1
7.173,4.892,0
-5.14,-7.313,0
-2.782,-1.073,1
4.293,-3.289,0
-6.825,-0.807,1
-6.819,-0.991,1
-0.273,-7.138,0
-5.126,9.53,1
-5.287,-9.69,0
-9.815,-9.799,0
-2.591,-2.531,0
-3.635,2.408,1
-9.377,-6.407,1
2.425,0.664,0
2.533,4.455,1
-8.584,-8.119,0
-3.659,9.688,1
7.456,-3.266,0
1.643,2.848,1
-1.761,-7.786,0
-0.698,4.19,1
-5.834,6.809,1
6.238,-7.894,0
8.28,-7.483,0
8.213,-4.379,0
-5.521,-9.761,0
-3.785,9.721,1
-6.788,1.968,1
-3.856,2.152,1
-3.344,9.179,1
2.662,6.641,1
-6.207,6.285,1
8.388,-3.21,0
-7.938,-3.303,1
-9.862,-4.165,1
7.099,-3.066,0
4.075,-2.61,0
-2.893,-7.2,0
1.91,-2.881,0
-5.529,-1.065,1
-6.632,-3.813,1
-0.577,-6.693,0
-2.936,-2.532,0
2.305,-0.382,0
